id,name,slug,type,permalink,sku,on_sale,price_aed,regular_price_aed,sale_price_aed,is_purchasable,is_in_stock,average_rating,review_count,image_count,primary_image_url,category_ids,category_names,tag_ids,tag_names,has_options,add_to_cart_text
5837,Control Engine DW 89666-0KQ60 – 2015/2020 1GD MTM 4WD 1500,control-engine-dw-89666-0kq60-2015-2020-1gd-mtm-4wd-1500,variable,https://www.topengine.ae/product/control-engine-dw-89666-0kq60-2015-2020-1gd-mtm-4wd-1500/,,False,1500.0,0.0,0.0,True,False,0,0,4,https://www.topengine.ae/wp-content/uploads/2025/12/WhatsApp_Image_2025-12-07_at_11.55.09_PM-removebg-preview.png,817,TOYOTA 1KD/2KD/1GD/2GD,899|924|910|900|925|879,1GD|4WD|Engine Computer|Hilux|MTM|Toyota,True,Select options
5826,Control Engine 2021 2GD MTM 4WD  – SJ 89661-F0B00,control-engine-2021-2gd-mtm-4wd-sj-89661-f0b00,simple,https://www.topengine.ae/product/control-engine-2021-2gd-mtm-4wd-sj-89661-f0b00/,,True,2500.0,2800.0,2500.0,True,True,0,0,5,https://www.topengine.ae/wp-content/uploads/2025/12/WhatsApp_Image_2025-12-06_at_11.18.39_PM__9_-removebg-preview-1.png,817,TOYOTA 1KD/2KD/1GD/2GD,922|924|900|925,2GD|4WD|Hilux|MTM,False,Add to cart
5823,Toyota Hilux 2020/2021 1GD AT 4WD Control Engine – RV 89661-FA690,control-engine-sj-89661-f0b00-for-toyota-hilux-2021-2gd-mtm-4wd,simple,https://www.topengine.ae/product/control-engine-sj-89661-f0b00-for-toyota-hilux-2021-2gd-mtm-4wd/,,False,2800.0,2800.0,2800.0,True,True,0,0,5,https://www.topengine.ae/wp-content/uploads/2025/12/WhatsApp_Image_2025-12-06_at_11.18.39_PM__9_-removebg-preview.png,,,899|924|971|965|910|881,1GD|4WD|AT|automatic|Engine Computer|Engine Control Unit,False,Add to cart
5810,Control Engine RV 89661-FA690 for Toyota Hilux 2020/2021 – 1GD – AT – 4WD,control-engine-rv-89661-fa690-for-toyota-hilux-2020-2021-1gd-at-4wd,simple,https://www.topengine.ae/product/control-engine-rv-89661-fa690-for-toyota-hilux-2020-2021-1gd-at-4wd/,,True,2800.0,3000.0,2800.0,True,True,0,0,5,https://www.topengine.ae/wp-content/uploads/2025/12/WhatsApp_Image_2025-12-06_at_11.18.39_PM__4_-removebg-preview.png,817,TOYOTA 1KD/2KD/1GD/2GD,899|924|965|959,1GD|4WD|automatic|Automatic 4WD,False,Add to cart
5811,Control Engine BD 89666-0KW30 for Toyota Hilux 2015 – 1GD – MTM – 4WD,control-engine-bd-89666-0kw30-for-toyota-hilux-2015-1gd-mtm-4wd,simple,https://www.topengine.ae/product/control-engine-bd-89666-0kw30-for-toyota-hilux-2015-1gd-mtm-4wd/,,True,800.0,1000.0,800.0,True,True,0,0,5,https://www.topengine.ae/wp-content/uploads/2025/12/WhatsApp_Image_2025-12-06_at_11.18.38_PM-removebg-preview.png,817,TOYOTA 1KD/2KD/1GD/2GD,899|924|970|910|925,1GD|4WD|control engine|Engine Computer|MTM,False,Add to cart
5797,Control Engine 1GD-AT-4WD,control-engine-1gd-at-4wd,simple,https://www.topengine.ae/product/control-engine-1gd-at-4wd/,,True,2700.0,3000.0,2700.0,True,True,0,0,5,https://www.topengine.ae/wp-content/uploads/2025/12/WhatsApp_Image_2025-12-06_at_1.55.19_AM-removebg-preview.png,817,TOYOTA 1KD/2KD/1GD/2GD,899|964|924|953|965,1GD|2021|4WD|4WD Toyota Parts|automatic,False,Add to cart
5789,CONTROL ENGINE 1GDATM4WD,control-engine-1gdatm4wd,simple,https://www.topengine.ae/product/control-engine-1gdatm4wd/,,True,800.0,900.0,800.0,True,True,0,0,5,https://www.topengine.ae/wp-content/uploads/2025/12/WhatsApp_Image_2025-12-05_at_9.56.39_PM-removebg-preview.png,817|938,TOYOTA 1KD/2KD/1GD/2GD|TOYOTA LAND CRUISER PRADO 1GD/2GD,960|881|934|961|935,1GD-FTV ECU|Engine Control Unit|LAND CRUISER|MTM 4WD|PRADO,False,Add to cart
5741,CONTROL ENGINE LAND CRUISER PRADO 1GDAT4WD,control-engine-land-cruiser-1gdat4wd,variable,https://www.topengine.ae/product/control-engine-land-cruiser-1gdat4wd/,,False,1000.0,0.0,0.0,True,False,0,0,5,https://www.topengine.ae/wp-content/uploads/2025/12/WhatsApp_Image_2025-12-03_at_7.23.59_AM-removebg-preview.png,817|938,TOYOTA 1KD/2KD/1GD/2GD|TOYOTA LAND CRUISER PRADO 1GD/2GD,899|958|959|934|935|879,1GD|2.8L Diesel|Automatic 4WD|LAND CRUISER|PRADO|Toyota,True,Select options
5731,CONTROL ENGINE LAND CRUISER PRADO 1GD AT -4WD 2.8CC-2017,control-engine-land-cruiser-prado-1gd-atomaitic-4wd-2-8cc-2017,simple,https://www.topengine.ae/product/control-engine-land-cruiser-prado-1gd-atomaitic-4wd-2-8cc-2017/,,True,1200.0,1500.0,1200.0,True,True,0,0,5,https://www.topengine.ae/wp-content/uploads/2025/12/WhatsApp_Image_2025-12-03_at_7.28.30_AM__2_-removebg-preview.png,817|938|818,TOYOTA 1KD/2KD/1GD/2GD|TOYOTA LAND CRUISER PRADO 1GD/2GD|TOYOTA LC300 V35A,890|953|943|954|941|879|939,1GD ECU|4WD Toyota Parts|89661-60P50|Automatic Toyota Parts|Land Cruiser Prado|Toyota|Toyota Prado,False,Add to cart
5725,ENGINE CONTROL-1GD-HILUX-MTM4WD,engine-control-1gd-hilux-mtm4wd,simple,https://www.topengine.ae/product/engine-control-1gd-hilux-mtm4wd/,,False,1500.0,1500.0,1500.0,True,True,0,0,5,https://www.topengine.ae/wp-content/uploads/2025/12/WhatsApp_Image_2025-12-03_at_7.18.07_AM__2_-removebg-preview.png,817,TOYOTA 1KD/2KD/1GD/2GD,,,False,Add to cart
5718,LAND-CRUISER-PRADO-AT-4WD,land-cruiser-prado-at-4wd,simple,https://www.topengine.ae/product/land-cruiser-prado-at-4wd/,,True,1200.0,1500.0,1200.0,True,True,0,0,5,https://www.topengine.ae/wp-content/uploads/2025/12/WhatsApp_Image_2025-12-03_at_6.37.08_AM-removebg-preview.png,817|828,TOYOTA 1KD/2KD/1GD/2GD|TOYOTA PRADO 1GD 2.8CC DIESAL,936,Toyota Toyota Prado Prado 2017 Land Cruiser Prado Prado ECU Toyota ECU 1GD ECU 89661-60P50 Prado 1GD Prado Diesel Toyota Diesel Engine Toyota 1GD Toyota Prado Parts Prado Computer Engine,False,Add to cart
5678,T-LAND CR-PRADO-1GDAT-4WD,t-land-cr-prado-1gdat-4wd,simple,https://www.topengine.ae/product/t-land-cr-prado-1gdat-4wd/,,True,1500.0,1700.0,1500.0,True,True,0,0,5,https://www.topengine.ae/wp-content/uploads/2025/12/WhatsApp_Image_2025-12-03_at_12.43.10_AM__1_-removebg-preview-removebg-preview.png,828,TOYOTA PRADO 1GD 2.8CC DIESAL,934|935|933|879,LAND CRUISER|PRADO|T-LAND CR-P Prado 1GD AT 4WD Toyota Prado Diesel Automatic 4x4 SUV|Toyota,False,Add to cart
5671,Hilux-2GD-J3-MT4WD-2020,hilux-2gd-j3-mt4wd-2020,simple,https://www.topengine.ae/product/hilux-2gd-j3-mt4wd-2020/,,True,1500.0,1700.0,1500.0,True,True,0,0,5,https://www.topengine.ae/wp-content/uploads/2025/12/WhatsApp_Image_2025-12-02_at_11.47.27_PM__4_-removebg-preview-Copy.png,817,TOYOTA 1KD/2KD/1GD/2GD,932|876|879,Hilux 2GD J3 MT 4WD 2020 Toyota Pickup Manual Diesel 4x4|OEM Toyota ECU|Toyota,False,Add to cart
5656,Hilux-EngineControl-2GD-MT-4WD,toyota-hilux-engine-control-module-ecu-89661-fa180-2gd-ftv-diesel-manual-2wd,simple,https://www.topengine.ae/product/toyota-hilux-engine-control-module-ecu-89661-fa180-2gd-ftv-diesel-manual-2wd/,,True,1000.0,1200.0,1000.0,True,True,0,0,5,https://www.topengine.ae/wp-content/uploads/2025/12/WhatsApp_Image_2025-12-01_at_5.37.10_AM-removebg-preview.png,817,TOYOTA 1KD/2KD/1GD/2GD,931,toyota hilux toyota 2gd 2gd engine control toyota ecu 89661 fa180 engine control module toyota hilux ecu toyota spare parts dubai,False,Add to cart
5645,Hilux/Fortuner Engine Control 1GD-FTV-Automatic-4WD,toyota-hilux-fortuner-engine-control-module-ecu-89661-fap80-1gd-ftv-diesel-automatic-4wd,simple,https://www.topengine.ae/product/toyota-hilux-fortuner-engine-control-module-ecu-89661-fap80-1gd-ftv-diesel-automatic-4wd/,,True,2500.0,2700.0,2500.0,True,True,0,0,5,https://www.topengine.ae/wp-content/uploads/2025/12/WhatsApp_Image_2025-12-01_at_4.44.03_AM__3_-removebg-preview.png,817,TOYOTA 1KD/2KD/1GD/2GD,930,toyota hilux toyota hilux 1gd 1gd engine control toyota ecu 89661 fap80 8661 fap80 toyota fortuner 1gd engine control module toyota spare parts dubai,False,Add to cart
5624,ENGINE CONTROL-2GD-2/4WD-MTM,computer-engine-control-2gd-2-4wd-mtm,simple,https://www.topengine.ae/product/computer-engine-control-2gd-2-4wd-mtm/,,True,700.0,900.0,700.0,True,True,0,0,5,https://www.topengine.ae/wp-content/uploads/2025/12/WhatsApp_Image_2025-11-30_at_10.17.16_PM-removebg-preview.png,817,TOYOTA 1KD/2KD/1GD/2GD,922|923|924|891|920|921|926|925|879,2GD|2WD|4WD|Auto Parts|Computer|Engine Control|Engine ECU|MTM|Toyota,False,Add to cart
5609,Engine Control – Hilux 2.8 1GD‑FTV Diesel 4WD AT,toyota-engine-control-unit-ecu-89661%e2%80%91faf80-genuine-oem-denso-12v-hilux-2-8-1gd%e2%80%91ftv-diesel-4wd-automatic,simple,https://www.topengine.ae/product/toyota-engine-control-unit-ecu-89661%e2%80%91faf80-genuine-oem-denso-12v-hilux-2-8-1gd%e2%80%91ftv-diesel-4wd-automatic/,,True,2800.0,3000.0,2800.0,True,True,0,0,5,https://www.topengine.ae/wp-content/uploads/2025/11/WhatsApp_Image_2025-11-30_at_8.09.43_AM__1_-removebg-preview.png,817,TOYOTA 1KD/2KD/1GD/2GD,918|916|914|919|903|880|910|881|907|915|879|917|906,1GD-FTV|89661‑FAF80|Denso 12V|Diesel ECU|ECM|ECU|Engine Computer|Engine Control Unit|Engine Management|OEM ECU|Toyota|Toyota Hilux 2.8|Toyota Spare Parts,False,Add to cart
5600,Engine Control-1GD-HILUX-4WD-MTM,toyota-engine-control-1gd-hilux-4wd-mtm,simple,https://www.topengine.ae/product/toyota-engine-control-1gd-hilux-4wd-mtm/,,True,1500.0,1700.0,1500.0,True,True,0,0,5,https://www.topengine.ae/wp-content/uploads/2025/11/WhatsApp_Image_2025-11-30_at_6.55.31_AM__3_-removebg-preview.png,817,TOYOTA 1KD/2KD/1GD/2GD,912|914|903|880|910|881|907|901|900|913|915|879|906,89661-FAG60|Denso 12V|ECM|ECU|Engine Computer|Engine Control Unit|Engine Management|Fortuner|Hilux|MA276100-5780|OEM ECU|Toyota|Toyota Spare Parts,False,Add to cart
5588,Engine Control (ECU) 2GD MTM-4WD2015,toyota-engine-control-unit-ecu-89661-0k770-0k770-dd-genuine-oem,simple,https://www.topengine.ae/product/toyota-engine-control-unit-ecu-89661-0k770-0k770-dd-genuine-oem/,,True,800.0,900.0,800.0,True,True,0,0,6,https://www.topengine.ae/wp-content/uploads/2025/11/WhatsApp-Image-2025-11-30-at-6.11.35-AM.jpeg,817,TOYOTA 1KD/2KD/1GD/2GD,909|908|911|903|880|910|881|879|886|906,0K770-DD|89661-0K770|Auto Parts UAE|ECM|ECU|Engine Computer|Engine Control Unit|Toyota|Toyota ECU|Toyota Spare Parts,False,Add to cart
5521,Engine Control (ECM) 2GD-MTM-4WD,toyota-89661-fap80-engine-control-module-ecm-engine-ecu,simple,https://www.topengine.ae/product/toyota-89661-fap80-engine-control-module-ecm-engine-ecu/,,True,2500.0,2700.0,2500.0,True,True,0,0,6,https://www.topengine.ae/wp-content/uploads/2025/11/WhatsApp_Image_2025-11-30_at_1.07.05_AM-removebg-preview.png,871,Toyota Hilux 1GDFTV 2800CC,904|903|880|902|907|901|900|879|886|905|906,89661-FAP80|ECM|ECU|Engine Control Module|Engine Management|Fortuner|Hilux|Toyota|Toyota ECU|Toyota Engine Parts|Toyota Spare Parts,False,Add to cart
5511,Engine Control Unit (ECU) –2GD AT-2WD-2015-89661-F0Z30,toyota-engine-control-unit-ecu-89661-f0230,simple,https://www.topengine.ae/product/toyota-engine-control-unit-ecu-89661-f0230/,,True,1500.0,1700.0,1500.0,True,True,0,0,6,https://www.topengine.ae/wp-content/uploads/2025/11/WhatsApp_Image_2025-11-30_at_12.18.56_AM__3_-removebg-preview.png,817,TOYOTA 1KD/2KD/1GD/2GD,899|890|891|892|885|883|895|889|886,1GD|1GD ECU|Auto Parts|Auto Spare Parts Dubai|BK ECU|Denso|Diesel Engine ECU|Fortuner ECU|Toyota ECU,False,Add to cart
5503,Engine Control-1GD-AT-2/4WD89661-26N90,engine-control,simple,https://www.topengine.ae/product/engine-control/,,True,800.0,900.0,800.0,True,True,0,0,5,https://www.topengine.ae/wp-content/uploads/2025/11/WhatsApp_Image_2025-11-29_at_11.17.29_PM__2_-removebg-preview.png,827,TOYOTA HIACE 1GD 2.8CC DIESAL,910|921|927|879,Engine Computer|Engine Control|HIECE|Toyota,False,Add to cart
5436,ENGINE CONTROL 1GD-2018MTM-4WD-89661-F0V60,computer-engine-control,simple,https://www.topengine.ae/product/computer-engine-control/,,True,1200.0,1500.0,1200.0,True,True,0,0,5,https://www.topengine.ae/wp-content/uploads/2025/11/IMG_9589-removebg-preview.png,871,Toyota Hilux 1GDFTV 2800CC,899|929|924|927|900|925|879|928,1GD|2018|4WD|HIECE|Hilux|MTM|Toyota|TOYOTA PART,False,Add to cart
5341,spare part 01,spare-part-01,simple,https://www.topengine.ae/product/spare-part-01/,,False,4000.0,4000.0,4000.0,True,True,0,0,2,https://www.topengine.ae/wp-content/uploads/2025/08/download-5.jpeg,824,NISSAN PATROL ZD30 3.0CC DIESAL,,,False,Add to cart
5335,1 GD Ford,1-gd-ford,simple,https://www.topengine.ae/product/1-gd-ford/,,False,0.0,0.0,0.0,False,True,0,0,2,https://www.topengine.ae/wp-content/uploads/2025/08/download-2025-09-04T220832.895.jpg,817,TOYOTA 1KD/2KD/1GD/2GD,,,False,Read more
4236,1GD AC COMPRESSOR,1gd-ac-compressor-2,simple,https://www.topengine.ae/product/1gd-ac-compressor-2/,88320-60A02,False,0.0,0.0,0.0,False,True,0,0,1,https://www.topengine.ae/wp-content/uploads/2025/08/H024c396d748c45728794be8f755351231.jpg,828,TOYOTA PRADO 1GD 2.8CC DIESAL,,,False,Read more
4235,1GD COMPUTER ENGINE CONTROL,1gd-computer-engine-control-2,simple,https://www.topengine.ae/product/1gd-computer-engine-control-2/,89666-60Q10,False,0.0,0.0,0.0,False,True,0,0,1,https://www.topengine.ae/wp-content/uploads/2025/08/Steinbauer-PowerModule-product-image-800x600_9203d0ce-954a-455d-bd97-d3b90ad6044c_1200x1200.jpg,828,TOYOTA PRADO 1GD 2.8CC DIESAL,,,False,Read more
4233,1GD MANUAL TRANSMISSION,1gd-manual-transmission-3,simple,https://www.topengine.ae/product/1gd-manual-transmission-3/,33030-60C40,False,0.0,0.0,0.0,False,True,0,0,1,https://www.topengine.ae/wp-content/uploads/2025/08/download-49.jpg,828,TOYOTA PRADO 1GD 2.8CC DIESAL,,,False,Read more
4232,1GD CLUTCH DISC,1gd-clutch-disc-3,simple,https://www.topengine.ae/product/1gd-clutch-disc-3/,31250-60383,False,0.0,0.0,0.0,False,True,0,0,1,https://www.topengine.ae/wp-content/uploads/2025/08/download-6.jpeg,828,TOYOTA PRADO 1GD 2.8CC DIESAL,,,False,Read more
4231,1GD CLUTCH COVER,1gd-clutch-cover-2,simple,https://www.topengine.ae/product/1gd-clutch-cover-2/,31210-60350,False,0.0,0.0,0.0,False,True,0,0,1,https://www.topengine.ae/wp-content/uploads/2025/08/download-47.jpg,828,TOYOTA PRADO 1GD 2.8CC DIESAL,,,False,Read more
4230,1GD INJECTOR,1gd-injector-3,simple,https://www.topengine.ae/product/1gd-injector-3/,23670-19075,False,0.0,0.0,0.0,False,True,0,0,1,https://www.topengine.ae/wp-content/uploads/2025/08/download.jpg,828,TOYOTA PRADO 1GD 2.8CC DIESAL,,,False,Read more
4229,1GD STARTER,1gd-starter-3,simple,https://www.topengine.ae/product/1gd-starter-3/,28100-11190,False,0.0,0.0,0.0,False,True,0,0,1,https://www.topengine.ae/wp-content/uploads/2025/08/download-24.jpg,828,TOYOTA PRADO 1GD 2.8CC DIESAL,,,False,Read more
4228,1GD TURBO CHARGER,1gd-turbo-charger-2,simple,https://www.topengine.ae/product/1gd-turbo-charger-2/,17201-11120,False,0.0,0.0,0.0,False,True,0,0,1,https://www.topengine.ae/wp-content/uploads/2025/08/download-2.jpeg,828,TOYOTA PRADO 1GD 2.8CC DIESAL,,,False,Read more
4227,1GD TENSIONER ASSY,1gd-tensioner-assy-2,simple,https://www.topengine.ae/product/1gd-tensioner-assy-2/,16620-11010,False,0.0,0.0,0.0,False,True,0,0,1,https://www.topengine.ae/wp-content/uploads/2025/08/60de29d4-6e68-438d-a9d8-8baa00fb10a6_0ca41849-4a8a-6000-a328-0a0ebccb9441_1_0caaea19-8365-6000-b1d9-e685b0d0c617.jpg,828,TOYOTA PRADO 1GD 2.8CC DIESAL,,,False,Read more
4226,1GD FLUID COUPLING ASSY,1gd-fluid-coupling-assy-2,simple,https://www.topengine.ae/product/1gd-fluid-coupling-assy-2/,16210-11030,False,0.0,0.0,0.0,False,True,0,0,1,https://www.topengine.ae/wp-content/uploads/2025/08/41v3qeQkUEL._UF8941000_QL80_.jpg,828,TOYOTA PRADO 1GD 2.8CC DIESAL,,,False,Read more
4225,1GD WATER PUMP,1gd-water-pump-2,simple,https://www.topengine.ae/product/1gd-water-pump-2/,16100-19365,False,0.0,0.0,0.0,False,True,0,0,1,https://www.topengine.ae/wp-content/uploads/2025/08/16100-39485-430x430-1.jpg,828,TOYOTA PRADO 1GD 2.8CC DIESAL,,,False,Read more
4224,1GD OIL STRAINER SUB-ASSY,1gd-oil-strainer-sub-assy-3,simple,https://www.topengine.ae/product/1gd-oil-strainer-sub-assy-3/,15104-11210,False,0.0,0.0,0.0,False,True,0,0,1,https://www.topengine.ae/wp-content/uploads/2025/08/download-3.jpeg,828,TOYOTA PRADO 1GD 2.8CC DIESAL,,,False,Read more
4223,1GD FLYWHEEL,1gd-flywheel-3,simple,https://www.topengine.ae/product/1gd-flywheel-3/,13405-11100,False,0.0,0.0,0.0,False,True,0,0,1,https://www.topengine.ae/wp-content/uploads/2025/08/download-63.jpg,828,TOYOTA PRADO 1GD 2.8CC DIESAL,,,False,Read more
4222,1GD PISTON SUB-ASSY W/PIN,1gd-piston-sub-assy-w-pin-3,simple,https://www.topengine.ae/product/1gd-piston-sub-assy-w-pin-3/,13101-11240-01,False,0.0,0.0,0.0,False,True,0,0,1,https://www.topengine.ae/wp-content/uploads/2025/08/download-62.jpg,828,TOYOTA PRADO 1GD 2.8CC DIESAL,,,False,Read more
4221,"1GD BRACKET SUB-ASSY, ALTERNATOR",1gd-bracket-sub-assy-alternator,simple,https://www.topengine.ae/product/1gd-bracket-sub-assy-alternator/,12501-11012,False,0.0,0.0,0.0,False,True,0,0,1,https://www.topengine.ae/wp-content/uploads/2025/08/download-61.jpg,828,TOYOTA PRADO 1GD 2.8CC DIESAL,,,False,Read more
4220,"1GD INSULATOR, ENGINE MOUNTING, REAR NO.1",1gd-insulator-engine-mounting-rear-no-1,simple,https://www.topengine.ae/product/1gd-insulator-engine-mounting-rear-no-1/,12371-11630,False,0.0,0.0,0.0,False,True,0,0,1,https://www.topengine.ae/wp-content/uploads/2025/08/download-60.jpg,828,TOYOTA PRADO 1GD 2.8CC DIESAL,,,False,Read more
4219,"1GD INSULATOR, ENGINE MOUNTING, FRONT",1gd-insulator-engine-mounting-front,simple,https://www.topengine.ae/product/1gd-insulator-engine-mounting-front/,12361-30143,False,0.0,0.0,0.0,False,True,0,0,1,https://www.topengine.ae/wp-content/uploads/2025/08/download-59.jpg,828,TOYOTA PRADO 1GD 2.8CC DIESAL,,,False,Read more
4218,"1GD BRACKET, ENGINE MOUNTING, FRONT NO.1 RH",1gd-bracket-engine-mounting-front-no-1-rh-2,simple,https://www.topengine.ae/product/1gd-bracket-engine-mounting-front-no-1-rh-2/,12311-30061,False,0.0,0.0,0.0,False,True,0,0,1,https://www.topengine.ae/wp-content/uploads/2025/08/download-58-e1756757887591.jpg,828,TOYOTA PRADO 1GD 2.8CC DIESAL,,,False,Read more
4217,1GD TIMING CHAIN COVER ASSY,1gd-timing-chain-cover-assy-3,simple,https://www.topengine.ae/product/1gd-timing-chain-cover-assy-3/,11310-11050,False,0.0,0.0,0.0,False,True,0,0,1,https://www.topengine.ae/wp-content/uploads/2025/08/download-57.jpg,828,TOYOTA PRADO 1GD 2.8CC DIESAL,,,False,Read more
4216,1GD GASKET CYLINDER HEAD,1gd-gasket-cylinder-head-3,simple,https://www.topengine.ae/product/1gd-gasket-cylinder-head-3/,11115-11120-A0,False,0.0,0.0,0.0,False,True,0,0,1,https://www.topengine.ae/wp-content/uploads/2025/08/download-56.jpg,828,TOYOTA PRADO 1GD 2.8CC DIESAL,,,False,Read more
4215,1GD ENGINE ASSY,1gd-engine-assy-3,simple,https://www.topengine.ae/product/1gd-engine-assy-3/,19000-11D50,False,0.0,0.0,0.0,False,True,0,0,1,https://www.topengine.ae/wp-content/uploads/2025/08/download-55.jpg,828,TOYOTA PRADO 1GD 2.8CC DIESAL,,,False,Read more
4214,1GD AC COMPRESSOR,1gd-ac-compressor,simple,https://www.topengine.ae/product/1gd-ac-compressor/,88320-26730,False,0.0,0.0,0.0,False,True,0,0,1,https://www.topengine.ae/wp-content/uploads/2025/08/download-54.jpg,827,TOYOTA HIACE 1GD 2.8CC DIESAL,,,False,Read more
4213,1GD DIESAL PUMP,1gd-diesal-pump-2,simple,https://www.topengine.ae/product/1gd-diesal-pump-2/,22100-11010,False,0.0,0.0,0.0,False,True,0,0,1,https://www.topengine.ae/wp-content/uploads/2025/08/download-53.jpg,827,TOYOTA HIACE 1GD 2.8CC DIESAL,,,False,Read more
4212,1GD COMPUTER ENGINE CONTROL,1gd-computer-engine-control,simple,https://www.topengine.ae/product/1gd-computer-engine-control/,89661-26Q50,False,0.0,0.0,0.0,False,True,0,0,1,https://www.topengine.ae/wp-content/uploads/2025/08/images-5.jpg,827,TOYOTA HIACE 1GD 2.8CC DIESAL,,,False,Read more
4211,1GD POWER PUMP,1gd-power-pump-2,simple,https://www.topengine.ae/product/1gd-power-pump-2/,44310-26400,False,0.0,0.0,0.0,False,True,0,0,1,https://www.topengine.ae/wp-content/uploads/2025/08/download-52.jpg,827,TOYOTA HIACE 1GD 2.8CC DIESAL,,,False,Read more
4210,1GD MANUAL TRANSMISSION,1gd-manual-transmission-2,simple,https://www.topengine.ae/product/1gd-manual-transmission-2/,33030-26B70,False,0.0,0.0,0.0,False,True,0,0,1,https://www.topengine.ae/wp-content/uploads/2025/08/download-51.jpg,827,TOYOTA HIACE 1GD 2.8CC DIESAL,,,False,Read more
4209,1GD CLUTCH DISC,1gd-clutch-disc-2,simple,https://www.topengine.ae/product/1gd-clutch-disc-2/,31250-0L010,False,0.0,0.0,0.0,False,True,0,0,1,https://www.topengine.ae/wp-content/uploads/2025/08/download-50.jpg,827,TOYOTA HIACE 1GD 2.8CC DIESAL,,,False,Read more
4208,1GD INJECTOR,1gd-injector-2,simple,https://www.topengine.ae/product/1gd-injector-2/,23670-19015,False,0.0,0.0,0.0,False,True,0,0,1,https://www.topengine.ae/wp-content/uploads/2025/08/download-69.jpg,827,TOYOTA HIACE 1GD 2.8CC DIESAL,,,False,Read more
4207,1GD STARTER,1gd-starter-2,simple,https://www.topengine.ae/product/1gd-starter-2/,28100-11210,False,0.0,0.0,0.0,False,True,0,0,1,https://www.topengine.ae/wp-content/uploads/2025/08/download-68.jpg,827,TOYOTA HIACE 1GD 2.8CC DIESAL,,,False,Read more
4206,1GD ALTERNATOR,1gd-alternator-2,simple,https://www.topengine.ae/product/1gd-alternator-2/,27060-11180,False,0.0,0.0,0.0,False,True,0,0,1,https://www.topengine.ae/wp-content/uploads/2025/08/download-67.jpg,827,TOYOTA HIACE 1GD 2.8CC DIESAL,,,False,Read more
4205,1GD BELT FOR FAN AND ALTERNATOR,1gd-belt-for-fan-and-alternator,simple,https://www.topengine.ae/product/1gd-belt-for-fan-and-alternator/,99367-K2040,False,0.0,0.0,0.0,False,True,0,0,1,https://www.topengine.ae/wp-content/uploads/2025/08/download-66.jpg,827,TOYOTA HIACE 1GD 2.8CC DIESAL,,,False,Read more
4204,1GD FAN,1gd-fan,simple,https://www.topengine.ae/product/1gd-fan/,16361-67020,False,0.0,0.0,0.0,False,True,0,0,1,https://www.topengine.ae/wp-content/uploads/2025/08/download-4.jpeg,827,TOYOTA HIACE 1GD 2.8CC DIESAL,,,False,Read more
4203,1GD TENSIONER ASSY,1gd-tensioner-assy,simple,https://www.topengine.ae/product/1gd-tensioner-assy/,16620-0E020,False,0.0,0.0,0.0,False,True,0,0,1,https://www.topengine.ae/wp-content/uploads/2025/08/download-65.jpg,827,TOYOTA HIACE 1GD 2.8CC DIESAL,,,False,Read more
4202,1GD WATER PUMP,1gd-water-pump,simple,https://www.topengine.ae/product/1gd-water-pump/,16100-19375,False,0.0,0.0,0.0,False,True,0,0,1,https://www.topengine.ae/wp-content/uploads/2025/08/download-90.jpg,827,TOYOTA HIACE 1GD 2.8CC DIESAL,,,False,Read more
4201,1GD OIL COOLER,1gd-oil-cooler,simple,https://www.topengine.ae/product/1gd-oil-cooler/,15071-11010,False,0.0,0.0,0.0,False,True,0,0,1,https://www.topengine.ae/wp-content/uploads/2025/08/download-89.jpg,827,TOYOTA HIACE 1GD 2.8CC DIESAL,,,False,Read more
4200,1GD OIL FILTER,1gd-oil-filter,simple,https://www.topengine.ae/product/1gd-oil-filter/,90915-20005,False,0.0,0.0,0.0,False,True,0,0,1,https://www.topengine.ae/wp-content/uploads/2025/08/download-87.jpg,827,TOYOTA HIACE 1GD 2.8CC DIESAL,,,False,Read more
4199,1GD OIL STRAINER SUB-ASSY,1gd-oil-strainer-sub-assy-2,simple,https://www.topengine.ae/product/1gd-oil-strainer-sub-assy-2/,15104-11230,False,0.0,0.0,0.0,False,True,0,0,1,https://www.topengine.ae/wp-content/uploads/2025/08/download-86.jpg,827,TOYOTA HIACE 1GD 2.8CC DIESAL,,,False,Read more
4198,1GD CAMSHAFT EXHUAST,1gd-camshaft-exhuast,simple,https://www.topengine.ae/product/1gd-camshaft-exhuast/,13502-11070,False,0.0,0.0,0.0,False,True,0,0,1,https://www.topengine.ae/wp-content/uploads/2025/08/download-85.jpg,827,TOYOTA HIACE 1GD 2.8CC DIESAL,,,False,Read more
4197,1GD CAMSHAFT INTAKE,1gd-camshaft-intake,simple,https://www.topengine.ae/product/1gd-camshaft-intake/,13501-11070,False,0.0,0.0,0.0,False,True,0,0,1,https://www.topengine.ae/wp-content/uploads/2025/08/download-84.jpg,827,TOYOTA HIACE 1GD 2.8CC DIESAL,,,False,Read more
4196,1GD FLYWHEEL,1gd-flywheel-2,simple,https://www.topengine.ae/product/1gd-flywheel-2/,13405-11090,False,0.0,0.0,0.0,False,True,0,0,1,https://www.topengine.ae/wp-content/uploads/2025/08/download-83.jpg,827,TOYOTA HIACE 1GD 2.8CC DIESAL,,,False,Read more
4195,1GD BEARING CONNECTING ROD,1gd-bearing-connecting-rod,simple,https://www.topengine.ae/product/1gd-bearing-connecting-rod/,13041-11060-02,False,0.0,0.0,0.0,False,True,0,0,1,https://www.topengine.ae/wp-content/uploads/2025/08/download-82.jpg,827,TOYOTA HIACE 1GD 2.8CC DIESAL,,,False,Read more
4194,1GD PISTON SUB-ASSY W/PIN,1gd-piston-sub-assy-w-pin-2,simple,https://www.topengine.ae/product/1gd-piston-sub-assy-w-pin-2/,13101-11190-01,False,0.0,0.0,0.0,False,True,0,0,1,https://www.topengine.ae/wp-content/uploads/2025/08/download-81.jpg,827,TOYOTA HIACE 1GD 2.8CC DIESAL,,,False,Read more
4193,1GD RING SET,1gd-ring-set,simple,https://www.topengine.ae/product/1gd-ring-set/,13011-11212,False,0.0,0.0,0.0,False,True,0,0,1,https://www.topengine.ae/wp-content/uploads/2025/08/download-80.jpg,827,TOYOTA HIACE 1GD 2.8CC DIESAL,,,False,Read more
4192,1GD CRANKSHAFT,1gd-crankshaft-2,simple,https://www.topengine.ae/product/1gd-crankshaft-2/,13401-11090,False,0.0,0.0,0.0,False,True,0,0,1,https://www.topengine.ae/wp-content/uploads/2025/08/download-79.jpg,827,TOYOTA HIACE 1GD 2.8CC DIESAL,,,False,Read more
4191,"1GD INSULATOR ASSY, ENGINE MOUNTING, REAR",1gd-insulator-assy-engine-mounting-rear,simple,https://www.topengine.ae/product/1gd-insulator-assy-engine-mounting-rear/,12380-11010,False,0.0,0.0,0.0,False,True,0,0,1,https://www.topengine.ae/wp-content/uploads/2025/08/download-78.jpg,827,TOYOTA HIACE 1GD 2.8CC DIESAL,,,False,Read more
4190,"1GD INSULATOR, ENGINE MOUNTING, FRONT LH",1gd-insulator-engine-mounting-front-lh,simple,https://www.topengine.ae/product/1gd-insulator-engine-mounting-front-lh/,12362-11310,False,0.0,0.0,0.0,False,True,0,0,1,https://www.topengine.ae/wp-content/uploads/2025/08/download-88.jpg,827,TOYOTA HIACE 1GD 2.8CC DIESAL,,,False,Read more
4189,"1GD INSULATOR, ENGINE MOUNTING, FRONT RH",1gd-insulator-engine-mounting-front-rh,simple,https://www.topengine.ae/product/1gd-insulator-engine-mounting-front-rh/,12361-11210,False,0.0,0.0,0.0,False,True,0,0,1,https://www.topengine.ae/wp-content/uploads/2025/08/download-76.jpg,827,TOYOTA HIACE 1GD 2.8CC DIESAL,,,False,Read more
4188,"1GD BRACKET, ENGINE MOUNTING, FRONT NO.1 LH",1gd-bracket-engine-mounting-front-no-1-lh,simple,https://www.topengine.ae/product/1gd-bracket-engine-mounting-front-no-1-lh/,12315-11060,False,0.0,0.0,0.0,False,True,0,0,1,https://www.topengine.ae/wp-content/uploads/2025/08/download-75.jpg,827,TOYOTA HIACE 1GD 2.8CC DIESAL,,,False,Read more
4187,"1GD BRACKET, ENGINE MOUNTING, FRONT NO.1 RH",1gd-bracket-engine-mounting-front-no-1-rh,simple,https://www.topengine.ae/product/1gd-bracket-engine-mounting-front-no-1-rh/,12311-11140,False,0.0,0.0,0.0,False,True,0,0,1,https://www.topengine.ae/wp-content/uploads/2025/08/download-74.jpg,827,TOYOTA HIACE 1GD 2.8CC DIESAL,,,False,Read more
4186,1GD TIMING CHAIN COVER ASSY,1gd-timing-chain-cover-assy-2,simple,https://www.topengine.ae/product/1gd-timing-chain-cover-assy-2/,11310-11041,False,0.0,0.0,0.0,False,True,0,0,1,https://www.topengine.ae/wp-content/uploads/2025/08/download-73.jpg,827,TOYOTA HIACE 1GD 2.8CC DIESAL,,,False,Read more
4185,1GD COVER SUB-ASSY CYLINDER HEAD,1gd-cover-sub-assy-cylinder-head,simple,https://www.topengine.ae/product/1gd-cover-sub-assy-cylinder-head/,11201-11082,False,0.0,0.0,0.0,False,True,0,0,1,https://www.topengine.ae/wp-content/uploads/2025/08/download-72.jpg,827,TOYOTA HIACE 1GD 2.8CC DIESAL,,,False,Read more
4184,1GD GASKET CYLINDER HEAD,1gd-gasket-cylinder-head-2,simple,https://www.topengine.ae/product/1gd-gasket-cylinder-head-2/,11115-11110-A0,False,0.0,0.0,0.0,False,True,0,0,1,https://www.topengine.ae/wp-content/uploads/2025/08/download-70.jpg,827,TOYOTA HIACE 1GD 2.8CC DIESAL,,,False,Read more
4183,1GD CYLINDER HEAD,1gd-cylinder-head-2,simple,https://www.topengine.ae/product/1gd-cylinder-head-2/,11101-11161,False,0.0,0.0,0.0,False,True,0,0,1,https://www.topengine.ae/wp-content/uploads/2025/08/download-92.jpg,827,TOYOTA HIACE 1GD 2.8CC DIESAL,,,False,Read more
4182,1GD ENGINE ASSY,1gd-engine-assy-2,simple,https://www.topengine.ae/product/1gd-engine-assy-2/,19000-11C60,False,0.0,0.0,0.0,False,True,0,0,1,https://www.topengine.ae/wp-content/uploads/2025/08/download-91.jpg,827,TOYOTA HIACE 1GD 2.8CC DIESAL,,,False,Read more
4180,2TR COMPUTER ENGINE CONTROL,2tr-computer-engine-control,simple,https://www.topengine.ae/product/2tr-computer-engine-control/,89661-60M70,False,0.0,0.0,0.0,False,True,0,0,1,https://www.topengine.ae/wp-content/uploads/2025/08/download-93.jpg,826,TOYOTA PRADO 2TR 2.7CC PETROL,,,False,Read more
4179,2TR POWER PUMP,2tr-power-pump-2,simple,https://www.topengine.ae/product/2tr-power-pump-2/,44310-60562,False,0.0,0.0,0.0,False,True,0,0,1,https://www.topengine.ae/wp-content/uploads/2025/08/download-2025-09-02T014711.595.jpg,826,TOYOTA PRADO 2TR 2.7CC PETROL,,,False,Read more
4178,2TR MANUAL TRANSMISSION,2tr-manual-transmission-2,simple,https://www.topengine.ae/product/2tr-manual-transmission-2/,33030-60C21,False,0.0,0.0,0.0,False,True,0,0,1,https://www.topengine.ae/wp-content/uploads/2025/08/download-2025-09-02T014521.652.jpg,826,TOYOTA PRADO 2TR 2.7CC PETROL,,,False,Read more
4177,2TR CLUTCH DISC,2tr-clutch-disc-2,simple,https://www.topengine.ae/product/2tr-clutch-disc-2/,31250-60500,False,0.0,0.0,0.0,False,True,0,0,1,https://www.topengine.ae/wp-content/uploads/2025/08/download-2025-09-02T014453.060.jpg,826,TOYOTA PRADO 2TR 2.7CC PETROL,,,False,Read more
4176,2TR CLUTCH COVER,2tr-clutch-cover-2,simple,https://www.topengine.ae/product/2tr-clutch-cover-2/,31210-26172,False,0.0,0.0,0.0,False,True,0,0,1,https://www.topengine.ae/wp-content/uploads/2025/08/download-100.jpg,826,TOYOTA PRADO 2TR 2.7CC PETROL,,,False,Read more
4175,2TR FUEL INJECTOR,2tr-fuel-injector-2,simple,https://www.topengine.ae/product/2tr-fuel-injector-2/,23209-79186,False,0.0,0.0,0.0,False,True,0,0,1,https://www.topengine.ae/wp-content/uploads/2025/08/download-99.jpg,826,TOYOTA PRADO 2TR 2.7CC PETROL,,,False,Read more
4174,2TR THROTTLE BODY,2tr-throttle-body-2,simple,https://www.topengine.ae/product/2tr-throttle-body-2/,22030-75020,False,0.0,0.0,0.0,False,True,0,0,1,https://www.topengine.ae/wp-content/uploads/2025/08/download-98.jpg,826,TOYOTA PRADO 2TR 2.7CC PETROL,,,False,Read more
4173,2TR STARTER,2tr-starter-2,simple,https://www.topengine.ae/product/2tr-starter-2/,28100-75120,False,0.0,0.0,0.0,False,True,0,0,1,https://www.topengine.ae/wp-content/uploads/2025/08/download-97.jpg,826,TOYOTA PRADO 2TR 2.7CC PETROL,,,False,Read more
4172,2TR ALTERNATOR,2tr-alternator-2,simple,https://www.topengine.ae/product/2tr-alternator-2/,27060-75490,False,0.0,0.0,0.0,False,True,0,0,1,https://www.topengine.ae/wp-content/uploads/2025/08/download-96.jpg,826,TOYOTA PRADO 2TR 2.7CC PETROL,,,False,Read more
4171,2TR BELT FOR FAN AND ALTERNATOR,2tr-belt-for-fan-and-alternator-2,simple,https://www.topengine.ae/product/2tr-belt-for-fan-and-alternator-2/,90916-02708,False,0.0,0.0,0.0,False,True,0,0,1,https://www.topengine.ae/wp-content/uploads/2025/08/download-95.jpg,826,TOYOTA PRADO 2TR 2.7CC PETROL,,,False,Read more
4170,2TR FAN,2tr-fan-2,simple,https://www.topengine.ae/product/2tr-fan-2/,16361-75021,False,0.0,0.0,0.0,False,True,0,0,1,https://www.topengine.ae/wp-content/uploads/2025/08/download-94.jpg,826,TOYOTA PRADO 2TR 2.7CC PETROL,,,False,Read more
4169,2TR FLUID COUPLING ASSY,2tr-fluid-coupling-assy-2,simple,https://www.topengine.ae/product/2tr-fluid-coupling-assy-2/,16210-75100,False,0.0,0.0,0.0,False,True,0,0,1,https://www.topengine.ae/wp-content/uploads/2025/08/download-2025-09-02T021523.659.jpg,826,TOYOTA PRADO 2TR 2.7CC PETROL,,,False,Read more
4168,2TR WATER PUMP,2tr-water-pump-2,simple,https://www.topengine.ae/product/2tr-water-pump-2/,16100-79445,False,0.0,0.0,0.0,False,True,0,0,1,https://www.topengine.ae/wp-content/uploads/2025/08/download-2025-09-02T021455.380.jpg,826,TOYOTA PRADO 2TR 2.7CC PETROL,,,False,Read more
4167,2TR OIL STRAINER SUB-ASSY,2tr-oil-strainer-sub-assy-2,simple,https://www.topengine.ae/product/2tr-oil-strainer-sub-assy-2/,15104-75210,False,0.0,0.0,0.0,False,True,0,0,1,https://www.topengine.ae/wp-content/uploads/2025/08/download-2025-09-02T021403.404.jpg,826,TOYOTA PRADO 2TR 2.7CC PETROL,,,False,Read more
4166,2TR CAMSHAFT INTAKE,2tr-camshaft-intake-2,simple,https://www.topengine.ae/product/2tr-camshaft-intake-2/,13501-75071,False,0.0,0.0,0.0,False,True,0,0,1,https://www.topengine.ae/wp-content/uploads/2025/08/download-2025-09-02T021331.587.jpg,826,TOYOTA PRADO 2TR 2.7CC PETROL,,,False,Read more
4165,2TR FLYWHEEL,2tr-flywheel-2,simple,https://www.topengine.ae/product/2tr-flywheel-2/,13405-75060,False,0.0,0.0,0.0,False,True,0,0,1,https://www.topengine.ae/wp-content/uploads/2025/08/download-2025-09-02T021252.979.jpg,826,TOYOTA PRADO 2TR 2.7CC PETROL,,,False,Read more
4164,2TR BEARING CONNECTING ROD,2tr-bearing-connecting-rod-2,simple,https://www.topengine.ae/product/2tr-bearing-connecting-rod-2/,13041-75050-04,False,0.0,0.0,0.0,False,True,0,0,1,https://www.topengine.ae/wp-content/uploads/2025/08/download-2025-09-02T021219.842.jpg,826,TOYOTA PRADO 2TR 2.7CC PETROL,,,False,Read more
4163,2TR CONNECTING ROD,2tr-connecting-rod-2,simple,https://www.topengine.ae/product/2tr-connecting-rod-2/,13201-79576,False,0.0,0.0,0.0,False,True,0,0,1,https://www.topengine.ae/wp-content/uploads/2025/08/download-2025-09-02T021152.195.jpg,826,TOYOTA PRADO 2TR 2.7CC PETROL,,,False,Read more
4162,2TR RING SET,2tr-ring-set-2,simple,https://www.topengine.ae/product/2tr-ring-set-2/,13011-75110,False,0.0,0.0,0.0,False,True,0,0,1,https://www.topengine.ae/wp-content/uploads/2025/08/download-2025-09-02T021114.978.jpg,826,TOYOTA PRADO 2TR 2.7CC PETROL,,,False,Read more
4161,2TR CRANKSHAFT,2tr-crankshaft-2,simple,https://www.topengine.ae/product/2tr-crankshaft-2/,13401-75021,False,0.0,0.0,0.0,False,True,0,0,1,https://www.topengine.ae/wp-content/uploads/2025/08/download-2025-09-02T021045.652.jpg,826,TOYOTA PRADO 2TR 2.7CC PETROL,,,False,Read more
4160,"2TR INSULATOR, ENGINE MOUNTING FRONT, HEAT, RH",2tr-insulator-engine-mounting-front-heat-rh,simple,https://www.topengine.ae/product/2tr-insulator-engine-mounting-front-heat-rh/,12391-50070,False,0.0,0.0,0.0,False,True,0,0,1,https://www.topengine.ae/wp-content/uploads/2025/08/download-2025-09-02T021002.300.jpg,826,TOYOTA PRADO 2TR 2.7CC PETROL,,,False,Read more
4159,"2TR INSULATOR, ENGINE MOUNTING, REAR",2tr-insulator-engine-mounting-rear,simple,https://www.topengine.ae/product/2tr-insulator-engine-mounting-rear/,12371-75160,False,0.0,0.0,0.0,False,True,0,0,1,https://www.topengine.ae/wp-content/uploads/2025/08/download-2025-09-02T020838.477.jpg,826,TOYOTA PRADO 2TR 2.7CC PETROL,,,False,Read more
4158,"2TR INSULATOR, ENGINE MOUNTING, FRONT",2tr-insulator-engine-mounting-front-2,simple,https://www.topengine.ae/product/2tr-insulator-engine-mounting-front-2/,12361-75071,False,0.0,0.0,0.0,False,True,0,0,1,https://www.topengine.ae/wp-content/uploads/2025/08/download-2025-09-02T020750.469.jpg,826,TOYOTA PRADO 2TR 2.7CC PETROL,,,False,Read more
4157,"2TR BRACKET, ENGINE MOUNTING, FRONT NO.1 LH",2tr-bracket-engine-mounting-front-no-1-lh-2,simple,https://www.topengine.ae/product/2tr-bracket-engine-mounting-front-no-1-lh-2/,12315-75090,False,0.0,0.0,0.0,False,True,0,0,1,https://www.topengine.ae/wp-content/uploads/2025/08/download-2025-09-02T020715.317.jpg,826,TOYOTA PRADO 2TR 2.7CC PETROL,,,False,Read more
4156,"2TR BRACKET, ENGINE MOUNTING, FRONT NO.1 RH",2tr-bracket-engine-mounting-front-no-1-rh-2,simple,https://www.topengine.ae/product/2tr-bracket-engine-mounting-front-no-1-rh-2/,12311-75090,False,0.0,0.0,0.0,False,True,0,0,1,https://www.topengine.ae/wp-content/uploads/2025/08/download-2025-09-02T015826.039.jpg,826,TOYOTA PRADO 2TR 2.7CC PETROL,,,False,Read more
4155,2TR TIMING COVER CASE ASSY,2tr-timing-cover-case-assy-2,simple,https://www.topengine.ae/product/2tr-timing-cover-case-assy-2/,11310-75110,False,0.0,0.0,0.0,False,True,0,0,1,https://www.topengine.ae/wp-content/uploads/2025/08/download-2025-09-02T015717.248.jpg,826,TOYOTA PRADO 2TR 2.7CC PETROL,,,False,Read more
4154,2TR TENSIONER ASSY,2tr-tensioner-assy-2,simple,https://www.topengine.ae/product/2tr-tensioner-assy-2/,16620-75050,False,0.0,0.0,0.0,False,True,0,0,1,https://www.topengine.ae/wp-content/uploads/2025/08/download-2025-09-02T015647.312.jpg,826,TOYOTA PRADO 2TR 2.7CC PETROL,,,False,Read more
4153,2TR COVER ASSY CYLINDER HEAD,2tr-cover-assy-cylinder-head-2,simple,https://www.topengine.ae/product/2tr-cover-assy-cylinder-head-2/,11201-75055,False,0.0,0.0,0.0,False,True,0,0,1,https://www.topengine.ae/wp-content/uploads/2025/08/download-1.jpeg,826,TOYOTA PRADO 2TR 2.7CC PETROL,,,False,Read more
4152,2TR GASKET CYLINDER HEAD,2tr-gasket-cylinder-head-2,simple,https://www.topengine.ae/product/2tr-gasket-cylinder-head-2/,11115-75051,False,0.0,0.0,0.0,False,True,0,0,1,https://www.topengine.ae/wp-content/uploads/2025/08/download-2025-09-02T015518.504.jpg,826,TOYOTA PRADO 2TR 2.7CC PETROL,,,False,Read more
4151,2TR CYLINDER HEAD,2tr-cylinder-head-2,simple,https://www.topengine.ae/product/2tr-cylinder-head-2/,11101-75151,False,0.0,0.0,0.0,False,True,0,0,1,https://www.topengine.ae/wp-content/uploads/2025/08/download-2025-09-02T015003.154.jpg,826,TOYOTA PRADO 2TR 2.7CC PETROL,,,False,Read more
4150,2TR ENGINE ASSY,2tr-engine-assy-2,simple,https://www.topengine.ae/product/2tr-engine-assy-2/,19000-75G41,False,0.0,0.0,0.0,False,True,0,0,1,https://www.topengine.ae/wp-content/uploads/2025/08/download-2025-09-02T135724.285.jpg,826,TOYOTA PRADO 2TR 2.7CC PETROL,,,False,Read more
4149,2TR POWER PUMP,2tr-power-pump,simple,https://www.topengine.ae/product/2tr-power-pump/,44310-0K010,False,0.0,0.0,0.0,False,True,0,0,1,https://www.topengine.ae/wp-content/uploads/2025/08/download-2025-09-02T135614.333.jpg,,,,,False,Read more
4148,2TR MANUAL TRANSMISSION,2tr-manual-transmission,simple,https://www.topengine.ae/product/2tr-manual-transmission/,33030-0K382,False,0.0,0.0,0.0,False,True,0,0,1,https://www.topengine.ae/wp-content/uploads/2025/08/download-2025-09-02T021905.009.jpg,,,,,False,Read more
4147,2TR CLUTCH DISC,2tr-clutch-disc,simple,https://www.topengine.ae/product/2tr-clutch-disc/,31250-0K151,False,0.0,0.0,0.0,False,True,0,0,1,https://www.topengine.ae/wp-content/uploads/2025/08/download-2025-09-02T021724.858.jpg,,,,,False,Read more
4146,2TR CLUTCH COVER,2tr-clutch-cover,simple,https://www.topengine.ae/product/2tr-clutch-cover/,31210-0K131,False,0.0,0.0,0.0,False,True,0,0,1,https://www.topengine.ae/wp-content/uploads/2025/08/download-2025-09-02T021651.873.jpg,,,,,False,Read more
4145,2TR THROTTLE BODY,2tr-throttle-body,simple,https://www.topengine.ae/product/2tr-throttle-body/,22030-0C020,False,0.0,0.0,0.0,False,True,0,0,1,https://www.topengine.ae/wp-content/uploads/2025/08/download-2025-09-02T021620.994.jpg,,,,,False,Read more
4144,2TR FUEL INJECTOR,2tr-fuel-injector,simple,https://www.topengine.ae/product/2tr-fuel-injector/,23209-09190,False,0.0,0.0,0.0,False,True,0,0,1,https://www.topengine.ae/wp-content/uploads/2025/08/download-2025-09-02T021554.851.jpg,,,,,False,Read more
4143,2TR STARTER,2tr-starter,simple,https://www.topengine.ae/product/2tr-starter/,28100-75210,False,0.0,0.0,0.0,False,True,0,0,1,https://www.topengine.ae/wp-content/uploads/2025/08/download-2025-09-02T140757.098.jpg,,,,,False,Read more
4142,2TR ALTERNATOR,2tr-alternator,simple,https://www.topengine.ae/product/2tr-alternator/,27060-0C021,False,0.0,0.0,0.0,False,True,0,0,1,https://www.topengine.ae/wp-content/uploads/2025/08/download-2025-09-02T140722.859.jpg,,,,,False,Read more
4141,2TR IGNITION COIL,2tr-ignition-coil,simple,https://www.topengine.ae/product/2tr-ignition-coil/,90919-02260,False,0.0,0.0,0.0,False,True,0,0,1,https://www.topengine.ae/wp-content/uploads/2025/08/download-2025-09-02T140649.372.jpg,,,,,False,Read more
4140,2TR BELT FOR FAN AND ALTERNATOR,2tr-belt-for-fan-and-alternator,simple,https://www.topengine.ae/product/2tr-belt-for-fan-and-alternator/,90916-T2024,False,0.0,0.0,0.0,False,True,0,0,1,https://www.topengine.ae/wp-content/uploads/2025/08/download-2025-09-02T140614.898.jpg,,,,,False,Read more
4139,2TR FAN,2tr-fan,simple,https://www.topengine.ae/product/2tr-fan/,16361-0C011,False,0.0,0.0,0.0,False,True,0,0,1,https://www.topengine.ae/wp-content/uploads/2025/08/download-2025-09-02T140540.597.jpg,,,,,False,Read more
4138,2TR FLUID COUPLING ASSY,2tr-fluid-coupling-assy,simple,https://www.topengine.ae/product/2tr-fluid-coupling-assy/,16210-0C010,False,0.0,0.0,0.0,False,True,0,0,1,https://www.topengine.ae/wp-content/uploads/2025/08/download-2025-09-02T140508.645.jpg,,,,,False,Read more
4137,2TR WATER PUMP,2tr-water-pump,simple,https://www.topengine.ae/product/2tr-water-pump/,16100-09460,False,0.0,0.0,0.0,False,True,0,0,1,https://www.topengine.ae/wp-content/uploads/2025/08/download-2025-09-02T140440.116.jpg,,,,,False,Read more
4136,2TR OIL STRAINER SUB-ASSY,2tr-oil-strainer-sub-assy,simple,https://www.topengine.ae/product/2tr-oil-strainer-sub-assy/,15104-0C020,False,0.0,0.0,0.0,False,True,0,0,1,https://www.topengine.ae/wp-content/uploads/2025/08/download-2025-09-02T140411.507.jpg,,,,,False,Read more
4135,2TR CAMSHAFT EXHAUST,2tr-camshaft-exhaust,simple,https://www.topengine.ae/product/2tr-camshaft-exhaust/,13502-75060,False,0.0,0.0,0.0,False,True,0,0,1,https://www.topengine.ae/wp-content/uploads/2025/08/download-2025-09-02T140315.122.jpg,,,,,False,Read more
4134,2TR CAMSHAFT INTAKE,2tr-camshaft-intake,simple,https://www.topengine.ae/product/2tr-camshaft-intake/,13501-75070,False,0.0,0.0,0.0,False,True,0,0,1,https://www.topengine.ae/wp-content/uploads/2025/08/download-2025-09-02T140238.626.jpg,,,,,False,Read more
4133,2TR FLYWHEEL,2tr-flywheel,simple,https://www.topengine.ae/product/2tr-flywheel/,13405-0C040,False,0.0,0.0,0.0,False,True,0,0,1,https://www.topengine.ae/wp-content/uploads/2025/08/download-2025-09-02T140209.923.jpg,,,,,False,Read more
4132,2TR BEARING CONNECTING ROD,2tr-bearing-connecting-rod,simple,https://www.topengine.ae/product/2tr-bearing-connecting-rod/,13041-0C050-04,False,0.0,0.0,0.0,False,True,0,0,1,https://www.topengine.ae/wp-content/uploads/2025/08/download-2025-09-02T140141.492.jpg,,,,,False,Read more
4131,2TR CONNECTING ROD,2tr-connecting-rod,simple,https://www.topengine.ae/product/2tr-connecting-rod/,13201-09671,False,0.0,0.0,0.0,False,True,0,0,1,https://www.topengine.ae/wp-content/uploads/2025/08/download-2025-09-02T140114.614.jpg,,,,,False,Read more
4130,2TR RING SET,2tr-ring-set,simple,https://www.topengine.ae/product/2tr-ring-set/,13011-0C030,False,0.0,0.0,0.0,False,True,0,0,1,https://www.topengine.ae/wp-content/uploads/2025/08/download-2025-09-02T140043.011.jpg,,,,,False,Read more
4129,2TR PISTON SUB-ASSY W/PIN,2tr-piston-sub-assy-w-pin,simple,https://www.topengine.ae/product/2tr-piston-sub-assy-w-pin/,13101-75130,False,0.0,0.0,0.0,False,True,0,0,1,https://www.topengine.ae/wp-content/uploads/2025/08/download-2025-09-02T135939.013-1.jpg,,,,,False,Read more
4128,2TR CRANKSHAFT,2tr-crankshaft,simple,https://www.topengine.ae/product/2tr-crankshaft/,13401-75020,False,0.0,0.0,0.0,False,True,0,0,1,https://www.topengine.ae/wp-content/uploads/2025/08/download-2025-09-02T135939.013.jpg,,,,,False,Read more
4127,"2TR INSULATOR, ENGINE MOUNTING, REAR NO.1",2tr-insulator-engine-mounting-rear-no-1,simple,https://www.topengine.ae/product/2tr-insulator-engine-mounting-rear-no-1/,12371-0C071,False,0.0,0.0,0.0,False,True,0,0,1,https://www.topengine.ae/wp-content/uploads/2025/08/download-2025-09-02T135911.751.jpg,,,,,False,Read more
4126,"2TR INSULATOR, ENGINE MOUNTING, FRONT LH",2tr-insulator-engine-mounting-front-lh,simple,https://www.topengine.ae/product/2tr-insulator-engine-mounting-front-lh/,12306-0C012,False,0.0,0.0,0.0,False,True,0,0,1,https://www.topengine.ae/wp-content/uploads/2025/08/download-2025-09-02T135831.045.jpg,,,,,False,Read more
4125,"2TR INSULATOR, ENGINE MOUNTING, FRONT",2tr-insulator-engine-mounting-front,simple,https://www.topengine.ae/product/2tr-insulator-engine-mounting-front/,12305-0C030,False,0.0,0.0,0.0,False,True,0,0,1,https://www.topengine.ae/wp-content/uploads/2025/08/download-2025-09-02T135755.069.jpg,,,,,False,Read more
4124,"2TR BRACKET, ENGINE MOUNTING, FRONT NO.1 LH",2tr-bracket-engine-mounting-front-no-1-lh,simple,https://www.topengine.ae/product/2tr-bracket-engine-mounting-front-no-1-lh/,12315-0C020,False,0.0,0.0,0.0,False,True,0,0,1,https://www.topengine.ae/wp-content/uploads/2025/08/download-2025-09-02T141250.155.jpg,,,,,False,Read more
4123,"2TR BRACKET, ENGINE MOUNTING, FRONT NO.1 RH",2tr-bracket-engine-mounting-front-no-1-rh,simple,https://www.topengine.ae/product/2tr-bracket-engine-mounting-front-no-1-rh/,12311-0C020,False,0.0,0.0,0.0,False,True,0,0,1,https://www.topengine.ae/wp-content/uploads/2025/08/download-2025-09-02T141212.943.jpg,,,,,False,Read more
4122,2TR TIMING COVER CASE ASSY,2tr-timing-cover-case-assy,simple,https://www.topengine.ae/product/2tr-timing-cover-case-assy/,11310-0C021,False,0.0,0.0,0.0,False,True,0,0,1,https://www.topengine.ae/wp-content/uploads/2025/08/download-2025-09-02T141143.762.jpg,,,,,False,Read more
4121,2TR TENSIONER ASSY,2tr-tensioner-assy,simple,https://www.topengine.ae/product/2tr-tensioner-assy/,16620-0C020,False,0.0,0.0,0.0,False,True,0,0,1,https://www.topengine.ae/wp-content/uploads/2025/08/download-2025-09-02T141102.794.jpg,,,,,False,Read more
4120,2TR COVER ASSY CYLINDER HEAD,2tr-cover-assy-cylinder-head,simple,https://www.topengine.ae/product/2tr-cover-assy-cylinder-head/,11201-0C040,False,0.0,0.0,0.0,False,True,0,0,1,https://www.topengine.ae/wp-content/uploads/2025/08/download-2025-09-02T141031.074.jpg,,,,,False,Read more
4119,2TR GASKET CYLINDER HEAD,2tr-gasket-cylinder-head,simple,https://www.topengine.ae/product/2tr-gasket-cylinder-head/,11115-0C021,False,0.0,0.0,0.0,False,True,0,0,1,https://www.topengine.ae/wp-content/uploads/2025/08/download-1.png,,,,,False,Read more
4118,2TR CYLINDER HEAD,2tr-cylinder-head,simple,https://www.topengine.ae/product/2tr-cylinder-head/,11101-75170,False,0.0,0.0,0.0,False,True,0,0,1,https://www.topengine.ae/wp-content/uploads/2025/08/download-2025-09-02T140914.564.jpg,,,,,False,Read more
4117,2TR ENGINE ASSY,2tr-engine-assy,simple,https://www.topengine.ae/product/2tr-engine-assy/,19000-0C011,False,0.0,0.0,0.0,False,True,0,0,1,https://www.topengine.ae/wp-content/uploads/2025/08/download-2025-09-02T140847.610.jpg,,,,,False,Read more
4115,ZD30 NOZZLE AND HOLDER ASSY,zd30-nozzle-and-holder-assy,simple,https://www.topengine.ae/product/zd30-nozzle-and-holder-assy/,16600-7T125,False,0.0,0.0,0.0,False,True,0,0,1,https://www.topengine.ae/wp-content/uploads/2025/08/download-2.png,824,NISSAN PATROL ZD30 3.0CC DIESAL,,,False,Read more
4114,ZD30 MANUAL TRANSMISSION,zd30-manual-transmission,simple,https://www.topengine.ae/product/zd30-manual-transmission/,32010-VW200,False,0.0,0.0,0.0,False,True,0,0,1,https://www.topengine.ae/wp-content/uploads/2025/08/download-2025-09-07T231221.636-1.jpg,824,NISSAN PATROL ZD30 3.0CC DIESAL,,,False,Read more
4113,ZD30 POWER PUMP,zd30-power-pump,simple,https://www.topengine.ae/product/zd30-power-pump/,49110-VW600,False,0.0,0.0,0.0,False,True,0,0,1,https://www.topengine.ae/wp-content/uploads/2025/08/download-2025-09-02T142942.995.jpg,824,NISSAN PATROL ZD30 3.0CC DIESAL,,,False,Read more
4112,ZD30 CLUTCH DISC,zd30-clutch-disc,simple,https://www.topengine.ae/product/zd30-clutch-disc/,30100-VW218,False,0.0,0.0,0.0,False,True,0,0,1,https://www.topengine.ae/wp-content/uploads/2025/08/download-2025-09-07T231107.301.jpg,824,NISSAN PATROL ZD30 3.0CC DIESAL,,,False,Read more
4111,ZD30 CLUTCH COVER,zd30-clutch-cover,simple,https://www.topengine.ae/product/zd30-clutch-cover/,30210-VJ210,False,0.0,0.0,0.0,False,True,0,0,1,https://www.topengine.ae/wp-content/uploads/2025/08/download-2025-09-02T141729.615.jpg,824,NISSAN PATROL ZD30 3.0CC DIESAL,,,False,Read more
4110,ZD30 AC COMPRESSOR,zd30-ac-compressor,simple,https://www.topengine.ae/product/zd30-ac-compressor/,92600-VW200,False,0.0,0.0,0.0,False,True,0,0,1,https://www.topengine.ae/wp-content/uploads/2025/08/download-2025-09-02T141656.951.jpg,824,NISSAN PATROL ZD30 3.0CC DIESAL,,,False,Read more
4109,ZD30 STARTER,zd30-starter,simple,https://www.topengine.ae/product/zd30-starter/,23300-VW201,False,0.0,0.0,0.0,False,True,0,0,1,https://www.topengine.ae/wp-content/uploads/2025/08/download-2025-09-02T141621.611.jpg,824,NISSAN PATROL ZD30 3.0CC DIESAL,,,False,Read more
4108,ZD30 ALTERNATOR,zd30-alternator,simple,https://www.topengine.ae/product/zd30-alternator/,23100-VW201,False,0.0,0.0,0.0,False,True,0,0,1,https://www.topengine.ae/wp-content/uploads/2025/08/download-2025-09-02T141554.724.jpg,824,NISSAN PATROL ZD30 3.0CC DIESAL,,,False,Read more
4107,ZD30 ENGINE CONTROL UNIT (COMPUTER),zd30-engine-control-unit-computer,simple,https://www.topengine.ae/product/zd30-engine-control-unit-computer/,23710-VX276,False,0.0,0.0,0.0,False,True,0,0,1,https://www.topengine.ae/wp-content/uploads/2025/08/download-2025-09-02T141521.193.jpg,824,NISSAN PATROL ZD30 3.0CC DIESAL,,,False,Read more
4106,ZD30 OIL COOLER,zd30-oil-cooler,simple,https://www.topengine.ae/product/zd30-oil-cooler/,21305-VW202,False,0.0,0.0,0.0,False,True,0,0,1,https://www.topengine.ae/wp-content/uploads/2025/08/1615921289669_block.jpg,824,NISSAN PATROL ZD30 3.0CC DIESAL,,,False,Read more
4105,ZD30 FAN,zd30-fan,simple,https://www.topengine.ae/product/zd30-fan/,21060-VW200,False,0.0,0.0,0.0,False,True,0,0,1,https://www.topengine.ae/wp-content/uploads/2025/08/download-2025-09-02T141350.249.jpg,824,NISSAN PATROL ZD30 3.0CC DIESAL,,,False,Read more
4104,ZD30 WATER PUMP,zd30-water-pump,simple,https://www.topengine.ae/product/zd30-water-pump/,21010-VW20A,False,0.0,0.0,0.0,False,True,0,0,1,https://www.topengine.ae/wp-content/uploads/2025/08/download-2025-09-02T141318.904.jpg,824,NISSAN PATROL ZD30 3.0CC DIESAL,,,False,Read more
4103,ZD30 DIESAL PUMP,zd30-diesal-pump,simple,https://www.topengine.ae/product/zd30-diesal-pump/,16700-VW201,False,0.0,0.0,0.0,False,True,0,0,1,https://www.topengine.ae/wp-content/uploads/2025/08/download-2025-09-02T143616.837.jpg,824,NISSAN PATROL ZD30 3.0CC DIESAL,,,False,Read more
4102,ZD30 OIL PUMP,zd30-oil-pump,simple,https://www.topengine.ae/product/zd30-oil-pump/,13034-VX00A,False,0.0,0.0,0.0,False,True,0,0,1,https://www.topengine.ae/wp-content/uploads/2025/08/download-2025-09-02T143540.318.jpg,824,NISSAN PATROL ZD30 3.0CC DIESAL,,,False,Read more
4101,ZD30 THROTTLE BODY,zd30-throttle-body,simple,https://www.topengine.ae/product/zd30-throttle-body/,16118-VW200,False,0.0,0.0,0.0,False,True,0,0,1,https://www.topengine.ae/wp-content/uploads/2025/08/download-2025-09-02T143506.845.jpg,824,NISSAN PATROL ZD30 3.0CC DIESAL,,,False,Read more
4100,ZD30 EGR,zd30-egr,simple,https://www.topengine.ae/product/zd30-egr/,14710-2W201,False,0.0,0.0,0.0,False,True,0,0,1,https://www.topengine.ae/wp-content/uploads/2025/08/download-2025-09-02T143432.927.jpg,824,NISSAN PATROL ZD30 3.0CC DIESAL,,,False,Read more
4099,ZD30 VACUUM PUMP,zd30-vacuum-pump,simple,https://www.topengine.ae/product/zd30-vacuum-pump/,14650-VW202,False,0.0,0.0,0.0,False,True,0,0,1,https://www.topengine.ae/wp-content/uploads/2025/08/download-2025-09-02T143357.808.jpg,824,NISSAN PATROL ZD30 3.0CC DIESAL,,,False,Read more
4098,ZD30 VALVE EXHAUST,zd30-valve-exhaust,simple,https://www.topengine.ae/product/zd30-valve-exhaust/,13202-2W201,False,0.0,0.0,0.0,False,True,0,0,1,https://www.topengine.ae/wp-content/uploads/2025/08/download-2025-09-02T143323.262.jpg,824,NISSAN PATROL ZD30 3.0CC DIESAL,,,False,Read more
4097,ZD30 VALVE INTAKE,zd30-valve-intake,simple,https://www.topengine.ae/product/zd30-valve-intake/,13201-2W201,False,0.0,0.0,0.0,False,True,0,0,1,https://www.topengine.ae/wp-content/uploads/2025/08/download-2025-09-02T143259.125.jpg,824,NISSAN PATROL ZD30 3.0CC DIESAL,,,False,Read more
4096,ZD30 CAMSHAFT,zd30-camshaft,simple,https://www.topengine.ae/product/zd30-camshaft/,13001-VW201,False,0.0,0.0,0.0,False,True,0,0,1,https://www.topengine.ae/wp-content/uploads/2025/08/download-2025-09-02T143230.149.jpg,824,NISSAN PATROL ZD30 3.0CC DIESAL,,,False,Read more
4095,ZD30 FLYWHEEL,zd30-flywheel,simple,https://www.topengine.ae/product/zd30-flywheel/,12310-VW210,False,0.0,0.0,0.0,False,True,0,0,1,https://www.topengine.ae/wp-content/uploads/2025/08/download-2025-09-02T143203.467.jpg,824,NISSAN PATROL ZD30 3.0CC DIESAL,,,False,Read more
4094,ZD30 PULLY CRANKSHAFT,zd30-pully-crankshaft,simple,https://www.topengine.ae/product/zd30-pully-crankshaft/,12303-2W204,False,0.0,0.0,0.0,False,True,0,0,1,https://www.topengine.ae/wp-content/uploads/2025/08/download-2025-09-02T143132.310.jpg,824,NISSAN PATROL ZD30 3.0CC DIESAL,,,False,Read more
4093,ZD30 BEARING CONNECTING ROD,zd30-bearing-connecting-rod,simple,https://www.topengine.ae/product/zd30-bearing-connecting-rod/,12111-2W200,False,0.0,0.0,0.0,False,True,0,0,1,https://www.topengine.ae/wp-content/uploads/2025/08/download-2025-09-02T144741.026.jpg,824,NISSAN PATROL ZD30 3.0CC DIESAL,,,False,Read more
4092,ZD30 CONNECTING ROD,zd30-connecting-rod,simple,https://www.topengine.ae/product/zd30-connecting-rod/,12100-2W201,False,0.0,0.0,0.0,False,True,0,0,0,,824,NISSAN PATROL ZD30 3.0CC DIESAL,,,False,Read more
4091,ZD30 PISTON W/PIN,zd30-piston-w-pin,simple,https://www.topengine.ae/product/zd30-piston-w-pin/,12010-VW200,False,0.0,0.0,0.0,False,True,0,0,1,https://www.topengine.ae/wp-content/uploads/2025/08/download-2025-09-02T144647.608.jpg,824,NISSAN PATROL ZD30 3.0CC DIESAL,,,False,Read more
4090,ZD30 RING SET,zd30-ring-set,simple,https://www.topengine.ae/product/zd30-ring-set/,12033-VW211,False,0.0,0.0,0.0,False,True,0,0,1,https://www.topengine.ae/wp-content/uploads/2025/08/download-2025-09-02T144604.571.jpg,824,NISSAN PATROL ZD30 3.0CC DIESAL,,,False,Read more
4089,ZD30 CRANKSHAFT,zd30-crankshaft,simple,https://www.topengine.ae/product/zd30-crankshaft/,12200-2W201,False,0.0,0.0,0.0,False,True,0,0,1,https://www.topengine.ae/wp-content/uploads/2025/08/download-2025-09-02T144537.362.jpg,824,NISSAN PATROL ZD30 3.0CC DIESAL,,,False,Read more
4088,ZD30 BELT FOR FAN AND ALTERNATOR,zd30-belt-for-fan-and-alternator,simple,https://www.topengine.ae/product/zd30-belt-for-fan-and-alternator/,11720-VW20A,False,0.0,0.0,0.0,False,True,0,0,1,https://www.topengine.ae/wp-content/uploads/2025/08/download-2025-09-02T144506.307.jpg,824,NISSAN PATROL ZD30 3.0CC DIESAL,,,False,Read more
4087,ZD30 TENSIONER ASSY,zd30-tensioner-assy,simple,https://www.topengine.ae/product/zd30-tensioner-assy/,11750-2W202,False,0.0,0.0,0.0,False,True,0,0,1,https://www.topengine.ae/wp-content/uploads/2025/08/download-2025-09-02T144437.197.jpg,824,NISSAN PATROL ZD30 3.0CC DIESAL,,,False,Read more
4086,ZD30 BRACKET ENGINE MOUNTING LH,zd30-bracket-engine-mounting-lh,simple,https://www.topengine.ae/product/zd30-bracket-engine-mounting-lh/,11233-VW200,False,0.0,0.0,0.0,False,True,0,0,1,https://www.topengine.ae/wp-content/uploads/2025/08/download-2025-09-02T144410.787.jpg,824,NISSAN PATROL ZD30 3.0CC DIESAL,,,False,Read more
4085,ZD30 INSULATOR ENGINE MOUNTING FRONT,zd30-insulator-engine-mounting-front,simple,https://www.topengine.ae/product/zd30-insulator-engine-mounting-front/,11210-VW201,False,0.0,0.0,0.0,False,True,0,0,1,https://www.topengine.ae/wp-content/uploads/2025/08/download-2025-09-02T144345.254.jpg,824,NISSAN PATROL ZD30 3.0CC DIESAL,,,False,Read more
4084,ZD30 BRACKET ENGINE MOUNTING RH,zd30-bracket-engine-mounting-rh,simple,https://www.topengine.ae/product/zd30-bracket-engine-mounting-rh/,11232-VW200,False,0.0,0.0,0.0,False,True,0,0,1,https://www.topengine.ae/wp-content/uploads/2025/08/download-2025-09-02T144320.850.jpg,824,NISSAN PATROL ZD30 3.0CC DIESAL,,,False,Read more
4083,ZD30 INSULATOR ENGINE MOUNTING REAR,zd30-insulator-engine-mounting-rear,simple,https://www.topengine.ae/product/zd30-insulator-engine-mounting-rear/,11320-VW201,False,0.0,0.0,0.0,False,True,0,0,1,https://www.topengine.ae/wp-content/uploads/2025/08/download-2025-09-02T144249.875.jpg,824,NISSAN PATROL ZD30 3.0CC DIESAL,,,False,Read more
4082,ZD30 BRACKET ENGINE MOUNTING SUPPORT REAR,zd30-bracket-engine-mounting-support-rear,simple,https://www.topengine.ae/product/zd30-bracket-engine-mounting-support-rear/,11350-VW202,False,0.0,0.0,0.0,False,True,0,0,1,https://www.topengine.ae/wp-content/uploads/2025/08/download-2025-09-02T144227.045.jpg,824,NISSAN PATROL ZD30 3.0CC DIESAL,,,False,Read more
4081,ZD30 COVER ASSY ROCKER,zd30-cover-assy-rocker,simple,https://www.topengine.ae/product/zd30-cover-assy-rocker/,13264-VW202,False,0.0,0.0,0.0,False,True,0,0,1,https://www.topengine.ae/wp-content/uploads/2025/08/download-2025-09-02T144143.203.jpg,824,NISSAN PATROL ZD30 3.0CC DIESAL,,,False,Read more
4080,ZD30 GASKET CYLINDER HEAD,zd30-gasket-cylinder-head,simple,https://www.topengine.ae/product/zd30-gasket-cylinder-head/,11044-VC100,False,0.0,0.0,0.0,False,True,0,0,1,https://www.topengine.ae/wp-content/uploads/2025/08/download-2025-09-02T144113.204.jpg,824,NISSAN PATROL ZD30 3.0CC DIESAL,,,False,Read more
4079,ZD30 CYLINDER HEAD,zd30-cylinder-head,simple,https://www.topengine.ae/product/zd30-cylinder-head/,11039-VC102,False,0.0,0.0,0.0,False,True,0,0,1,https://www.topengine.ae/wp-content/uploads/2025/08/download-2025-09-02T144045.837.jpg,824,NISSAN PATROL ZD30 3.0CC DIESAL,,,False,Read more
4078,ZD30 ENGINE BARE ASSY,zd30-engine-bare-assy,simple,https://www.topengine.ae/product/zd30-engine-bare-assy/,10102-VW200,False,0.0,0.0,0.0,False,True,0,0,1,https://www.topengine.ae/wp-content/uploads/2025/08/download-2025-09-02T144016.795.jpg,824,NISSAN PATROL ZD30 3.0CC DIESAL,,,False,Read more
4077,YD25 NOZZLE AND HOLDER ASSY,yd25-nozzle-and-holder-assy,simple,https://www.topengine.ae/product/yd25-nozzle-and-holder-assy/,16600-EB70A,False,0.0,0.0,0.0,False,True,0,0,1,https://www.topengine.ae/wp-content/uploads/2025/08/download-2025-09-02T143942.755.jpg,823,NISSAN NAVARA YD25 2.5CC DIESAL,,,False,Read more
4076,YD25 ENGINE CONTROL UNIT (COMPUTER),yd25-engine-control-unit-computer,simple,https://www.topengine.ae/product/yd25-engine-control-unit-computer/,23710-KH04A,False,0.0,0.0,0.0,False,True,0,0,1,https://www.topengine.ae/wp-content/uploads/2025/08/download-2025-09-02T143912.083.jpg,823,NISSAN NAVARA YD25 2.5CC DIESAL,,,False,Read more
4075,YD25 POWER PUMP 49110-EB700TOP ENGINE USED AUTO SPARE PARTS TR,yd25-power-pump-49110-eb700top-engine-used-auto-spare-parts-tr,simple,https://www.topengine.ae/product/yd25-power-pump-49110-eb700top-engine-used-auto-spare-parts-tr/,LLC,False,0.0,0.0,0.0,False,True,0,0,1,https://www.topengine.ae/wp-content/uploads/2025/08/download-2025-09-02T143838.612.jpg,823,NISSAN NAVARA YD25 2.5CC DIESAL,,,False,Read more
4074,YD25 MANUAL TRANSMISSION,yd25-manual-transmission,simple,https://www.topengine.ae/product/yd25-manual-transmission/,32010-JS13A,False,0.0,0.0,0.0,False,True,0,0,1,https://www.topengine.ae/wp-content/uploads/2025/08/download-2025-09-02T143758.413.jpg,823,NISSAN NAVARA YD25 2.5CC DIESAL,,,False,Read more
4073,YD25 CLUTCH DISC,yd25-clutch-disc,simple,https://www.topengine.ae/product/yd25-clutch-disc/,30100-JS10C,False,0.0,0.0,0.0,False,True,0,0,1,https://www.topengine.ae/wp-content/uploads/2025/08/download-2025-09-02T153637.768.jpg,823,NISSAN NAVARA YD25 2.5CC DIESAL,,,False,Read more
4072,YD25 CLUTCH COVER,yd25-clutch-cover,simple,https://www.topengine.ae/product/yd25-clutch-cover/,30210-JS10B,False,0.0,0.0,0.0,False,True,0,0,1,https://www.topengine.ae/wp-content/uploads/2025/08/download-2025-09-02T153604.003.jpg,823,NISSAN NAVARA YD25 2.5CC DIESAL,,,False,Read more
4071,YD25 AC COMPRESSOR,yd25-ac-compressor,simple,https://www.topengine.ae/product/yd25-ac-compressor/,92600-EB40E,False,0.0,0.0,0.0,False,True,0,0,1,https://www.topengine.ae/wp-content/uploads/2025/08/download-2025-09-07T230931.621.jpg,823,NISSAN NAVARA YD25 2.5CC DIESAL,,,False,Read more
4070,YD25 STARTER,yd25-starter,simple,https://www.topengine.ae/product/yd25-starter/,23300-EB71E,False,0.0,0.0,0.0,False,True,0,0,1,https://www.topengine.ae/wp-content/uploads/2025/08/download-2025-09-02T153507.017.jpg,823,NISSAN NAVARA YD25 2.5CC DIESAL,,,False,Read more
4069,YD25 ALTERNATOR,yd25-alternator,simple,https://www.topengine.ae/product/yd25-alternator/,23100-EB71A,False,0.0,0.0,0.0,False,True,0,0,1,https://www.topengine.ae/wp-content/uploads/2025/08/download-2025-09-02T153440.393.jpg,823,NISSAN NAVARA YD25 2.5CC DIESAL,,,False,Read more
4068,YD25 OIL COOLER ASSY,yd25-oil-cooler-assy,simple,https://www.topengine.ae/product/yd25-oil-cooler-assy/,21305-EB70A,False,0.0,0.0,0.0,False,True,0,0,1,https://www.topengine.ae/wp-content/uploads/2025/08/download-2025-09-02T153409.875.jpg,823,NISSAN NAVARA YD25 2.5CC DIESAL,,,False,Read more
4067,YD25 FAN,yd25-fan,simple,https://www.topengine.ae/product/yd25-fan/,21060-EB70B,False,0.0,0.0,0.0,False,True,0,0,1,https://www.topengine.ae/wp-content/uploads/2025/08/download-2025-09-02T154757.431.jpg,823,NISSAN NAVARA YD25 2.5CC DIESAL,,,False,Read more
4066,YD25 COUPLING ASSY FAN,yd25-coupling-assy-fan,simple,https://www.topengine.ae/product/yd25-coupling-assy-fan/,21082-EB70C,False,0.0,0.0,0.0,False,True,0,0,1,https://www.topengine.ae/wp-content/uploads/2025/08/download-2025-09-02T154725.029.jpg,823,NISSAN NAVARA YD25 2.5CC DIESAL,,,False,Read more
4065,YD25 WATER PUMP,yd25-water-pump,simple,https://www.topengine.ae/product/yd25-water-pump/,21010-EB70A,False,0.0,0.0,0.0,False,True,0,0,1,https://www.topengine.ae/wp-content/uploads/2025/08/download-2025-09-02T154647.117.jpg,823,NISSAN NAVARA YD25 2.5CC DIESAL,,,False,Read more
4064,YD25 DIESAL PUMP,yd25-diesal-pump,simple,https://www.topengine.ae/product/yd25-diesal-pump/,16700-VM01C,False,0.0,0.0,0.0,False,True,0,0,1,https://www.topengine.ae/wp-content/uploads/2025/08/download-2025-09-02T154621.073.jpg,823,NISSAN NAVARA YD25 2.5CC DIESAL,,,False,Read more
4063,YD25 THROTTLE BODY,yd25-throttle-body,simple,https://www.topengine.ae/product/yd25-throttle-body/,16118-EB30B,False,0.0,0.0,0.0,False,True,0,0,1,https://www.topengine.ae/wp-content/uploads/2025/08/download-2025-09-02T154542.573.jpg,823,NISSAN NAVARA YD25 2.5CC DIESAL,,,False,Read more
4062,YD25 OIL PUMP,yd25-oil-pump,simple,https://www.topengine.ae/product/yd25-oil-pump/,15010-EB70A,False,0.0,0.0,0.0,False,True,0,0,1,https://www.topengine.ae/wp-content/uploads/2025/08/download-2025-09-02T154513.952.jpg,823,NISSAN NAVARA YD25 2.5CC DIESAL,,,False,Read more
4061,YD25 EGR,yd25-egr,simple,https://www.topengine.ae/product/yd25-egr/,14710-AD20B,False,0.0,0.0,0.0,False,True,0,0,1,https://www.topengine.ae/wp-content/uploads/2025/08/download-2025-09-02T154443.125.jpg,823,NISSAN NAVARA YD25 2.5CC DIESAL,,,False,Read more
4060,YD25 TURBO CHARGER,yd25-turbo-charger,simple,https://www.topengine.ae/product/yd25-turbo-charger/,14411-EB71D,False,0.0,0.0,0.0,False,True,0,0,1,https://www.topengine.ae/wp-content/uploads/2025/08/download-2025-09-02T154316.494.jpg,823,NISSAN NAVARA YD25 2.5CC DIESAL,,,False,Read more
4059,YD25 VACUUM PUMP,yd25-vacuum-pump,simple,https://www.topengine.ae/product/yd25-vacuum-pump/,14650-EB70A,False,0.0,0.0,0.0,False,True,0,0,1,https://www.topengine.ae/wp-content/uploads/2025/08/download-2025-09-02T154247.962.jpg,823,NISSAN NAVARA YD25 2.5CC DIESAL,,,False,Read more
4058,YD25 VALVE EXHAUST,yd25-valve-exhaust,simple,https://www.topengine.ae/product/yd25-valve-exhaust/,13202-EB70B,False,0.0,0.0,0.0,False,True,0,0,1,https://www.topengine.ae/wp-content/uploads/2025/08/download-2025-09-02T154219.895.jpg,823,NISSAN NAVARA YD25 2.5CC DIESAL,,,False,Read more
4057,YD25 VALVE INTAKE,yd25-valve-intake,simple,https://www.topengine.ae/product/yd25-valve-intake/,13201-EB70B,False,0.0,0.0,0.0,False,True,0,0,1,https://www.topengine.ae/wp-content/uploads/2025/08/download-2025-09-02T154141.074.jpg,823,NISSAN NAVARA YD25 2.5CC DIESAL,,,False,Read more
4056,YD25 CAMSHAFT EXHAUST,yd25-camshaft-exhaust,simple,https://www.topengine.ae/product/yd25-camshaft-exhaust/,13020-8H810,False,0.0,0.0,0.0,False,True,0,0,1,https://www.topengine.ae/wp-content/uploads/2025/08/download-2025-09-02T154105.967.jpg,823,NISSAN NAVARA YD25 2.5CC DIESAL,,,False,Read more
4055,YD25 CAMSHAFT INTAKE,yd25-camshaft-intake,simple,https://www.topengine.ae/product/yd25-camshaft-intake/,13020-AD202,False,0.0,0.0,0.0,False,True,0,0,1,https://www.topengine.ae/wp-content/uploads/2025/08/download-2025-09-02T154033.119.jpg,823,NISSAN NAVARA YD25 2.5CC DIESAL,,,False,Read more
4054,YD25 PULLY CRANKSHAFT,yd25-pully-crankshaft,simple,https://www.topengine.ae/product/yd25-pully-crankshaft/,12303-EB70B,False,0.0,0.0,0.0,False,True,0,0,1,https://www.topengine.ae/wp-content/uploads/2025/08/download-2025-09-02T153954.239.jpg,823,NISSAN NAVARA YD25 2.5CC DIESAL,,,False,Read more
4053,YD25 FLYWHEEL,yd25-flywheel,simple,https://www.topengine.ae/product/yd25-flywheel/,12310-EB30C,False,0.0,0.0,0.0,False,True,0,0,1,https://www.topengine.ae/wp-content/uploads/2025/08/download-2025-09-02T153927.263.jpg,823,NISSAN NAVARA YD25 2.5CC DIESAL,,,False,Read more
4052,YD25 BEARING CONNECTING ROD,yd25-bearing-connecting-rod,simple,https://www.topengine.ae/product/yd25-bearing-connecting-rod/,12111-AD20B,False,0.0,0.0,0.0,False,True,0,0,1,https://www.topengine.ae/wp-content/uploads/2025/08/download-2025-09-02T153900.769.jpg,823,NISSAN NAVARA YD25 2.5CC DIESAL,,,False,Read more
4051,YD25 CONNECTING ROD,yd25-connecting-rod,simple,https://www.topengine.ae/product/yd25-connecting-rod/,12100-5X00A,False,0.0,0.0,0.0,False,True,0,0,1,https://www.topengine.ae/wp-content/uploads/2025/08/download-2025-09-02T153825.903.jpg,823,NISSAN NAVARA YD25 2.5CC DIESAL,,,False,Read more
4050,YD25 RING SET,yd25-ring-set,simple,https://www.topengine.ae/product/yd25-ring-set/,12033-EB70A,False,0.0,0.0,0.0,False,True,0,0,1,https://www.topengine.ae/wp-content/uploads/2025/08/download-2025-09-02T153753.392.jpg,823,NISSAN NAVARA YD25 2.5CC DIESAL,,,False,Read more
4049,YD25 PISTON W/PIN,yd25-piston-w-pin,simple,https://www.topengine.ae/product/yd25-piston-w-pin/,A2010-EB70A,False,0.0,0.0,0.0,False,True,0,0,1,https://www.topengine.ae/wp-content/uploads/2025/08/download-2025-09-02T153722.816.jpg,823,NISSAN NAVARA YD25 2.5CC DIESAL,,,False,Read more
4048,YD25 CRANKSHAFT,yd25-crankshaft,simple,https://www.topengine.ae/product/yd25-crankshaft/,12200-5X00A,False,0.0,0.0,0.0,False,True,0,0,1,https://www.topengine.ae/wp-content/uploads/2025/08/download-2025-09-02T153700.844.jpg,823,NISSAN NAVARA YD25 2.5CC DIESAL,,,False,Read more
4047,YD25 BELT POWER STEERING OIL PUMP,yd25-belt-power-steering-oil-pump,simple,https://www.topengine.ae/product/yd25-belt-power-steering-oil-pump/,11950-EB70A,False,0.0,0.0,0.0,False,True,0,0,1,https://www.topengine.ae/wp-content/uploads/2025/08/download-2025-09-02T155300.118.jpg,823,NISSAN NAVARA YD25 2.5CC DIESAL,,,False,Read more
4046,YD25 BELT FOR FAN AND ALTERNATOR,yd25-belt-for-fan-and-alternator,simple,https://www.topengine.ae/product/yd25-belt-for-fan-and-alternator/,11720-EB70C,False,0.0,0.0,0.0,False,True,0,0,1,https://www.topengine.ae/wp-content/uploads/2025/08/download-2025-09-02T155235.820.jpg,823,NISSAN NAVARA YD25 2.5CC DIESAL,,,False,Read more
4045,YD25 BRACKET ENGINE MOUNTING LH,yd25-bracket-engine-mounting-lh,simple,https://www.topengine.ae/product/yd25-bracket-engine-mounting-lh/,11233-EB70A,False,0.0,0.0,0.0,False,True,0,0,1,https://www.topengine.ae/wp-content/uploads/2025/08/download-2025-09-02T155210.996.jpg,823,NISSAN NAVARA YD25 2.5CC DIESAL,,,False,Read more
4044,YD25 BRACKET ENGINE MOUNTING RH,yd25-bracket-engine-mounting-rh,simple,https://www.topengine.ae/product/yd25-bracket-engine-mounting-rh/,11232-EB70A,False,0.0,0.0,0.0,False,True,0,0,1,https://www.topengine.ae/wp-content/uploads/2025/08/download-2025-09-02T155145.315.jpg,823,NISSAN NAVARA YD25 2.5CC DIESAL,,,False,Read more
4043,YD25 INSULATOR ENGINE MOUNTING REAR,yd25-insulator-engine-mounting-rear,simple,https://www.topengine.ae/product/yd25-insulator-engine-mounting-rear/,11320-JR70D,False,0.0,0.0,0.0,False,True,0,0,1,https://www.topengine.ae/wp-content/uploads/2025/08/download-2025-09-02T155114.412.jpg,823,NISSAN NAVARA YD25 2.5CC DIESAL,,,False,Read more
4042,YD25 INSULATOR ENGINE MOUNTING FRONT,yd25-insulator-engine-mounting-front,simple,https://www.topengine.ae/product/yd25-insulator-engine-mounting-front/,11220-EB70C,False,0.0,0.0,0.0,False,True,0,0,1,https://www.topengine.ae/wp-content/uploads/2025/08/download-2025-09-02T155047.188.jpg,823,NISSAN NAVARA YD25 2.5CC DIESAL,,,False,Read more
4041,YD25 COVER ASSY VALVE ROCKER,yd25-cover-assy-valve-rocker,simple,https://www.topengine.ae/product/yd25-cover-assy-valve-rocker/,13264-VM00A,False,0.0,0.0,0.0,False,True,0,0,1,https://www.topengine.ae/wp-content/uploads/2025/08/download-2025-09-02T155014.207.jpg,823,NISSAN NAVARA YD25 2.5CC DIESAL,,,False,Read more
4040,YD25 GASKET CYLINDER HEAD,yd25-gasket-cylinder-head,simple,https://www.topengine.ae/product/yd25-gasket-cylinder-head/,11044-VK500,False,0.0,0.0,0.0,False,True,0,0,1,https://www.topengine.ae/wp-content/uploads/2025/08/download-2025-09-02T154926.840.jpg,823,NISSAN NAVARA YD25 2.5CC DIESAL,,,False,Read more
4039,YD25 CYLINDER HEAD,yd25-cylinder-head,simple,https://www.topengine.ae/product/yd25-cylinder-head/,11040-EC00C,False,0.0,0.0,0.0,False,True,0,0,1,https://www.topengine.ae/wp-content/uploads/2025/08/download-2025-09-02T154847.268.jpg,823,NISSAN NAVARA YD25 2.5CC DIESAL,,,False,Read more
4038,YD25 ENGINE BARE ASSY,yd25-engine-bare-assy,simple,https://www.topengine.ae/product/yd25-engine-bare-assy/,10102-EB7M2,False,0.0,0.0,0.0,False,True,0,0,1,https://www.topengine.ae/wp-content/uploads/2025/08/download-2025-09-02T154820.667.jpg,823,NISSAN NAVARA YD25 2.5CC DIESAL,,,False,Read more
3208,V35A COMPUTER ENGINE CONTROL,v35a-computer-engine-control,simple,https://www.topengine.ae/product/v35a-computer-engine-control/,89666-60N80,False,0.0,0.0,0.0,False,True,0,0,1,https://www.topengine.ae/wp-content/uploads/2025/08/download-2025-09-02T155443.683.jpg,818,TOYOTA LC300 V35A,,,False,Read more
3207,V35A AC COMPRESSOR,v35a-ac-compressor,simple,https://www.topengine.ae/product/v35a-ac-compressor/,88320-60C10,False,0.0,0.0,0.0,False,True,0,0,1,https://www.topengine.ae/wp-content/uploads/2025/08/10-removebg-preview.png,818,TOYOTA LC300 V35A,,,False,Read more
3206,V35A POWER PUMP,v35a-power-pump,simple,https://www.topengine.ae/product/v35a-power-pump/,44310-60710,False,0.0,0.0,0.0,False,True,0,0,1,https://www.topengine.ae/wp-content/uploads/2025/08/9-removebg-preview.png,818,TOYOTA LC300 V35A,,,False,Read more
3205,V35A AUTOMATIC TRANSMISSION,v35a-automatic-transmission,simple,https://www.topengine.ae/product/v35a-automatic-transmission/,35050-60020,False,0.0,0.0,0.0,False,True,0,0,1,https://www.topengine.ae/wp-content/uploads/2025/08/8-removebg-preview.png,818,TOYOTA LC300 V35A,,,False,Read more
3204,V35A SHIFT LOCK CONTROL ASSY,v35a-shift-lock-control-assy,simple,https://www.topengine.ae/product/v35a-shift-lock-control-assy/,33560-60250,False,0.0,0.0,0.0,False,True,0,0,1,https://www.topengine.ae/wp-content/uploads/2025/08/7-removebg-preview.png,818,TOYOTA LC300 V35A,,,False,Read more
3203,V35A THROTTLE BODY ASSY,v35a-throttle-body-assy,simple,https://www.topengine.ae/product/v35a-throttle-body-assy/,22030-70060,False,0.0,0.0,0.0,False,True,0,0,1,https://www.topengine.ae/wp-content/uploads/2025/08/6-removebg-preview.png,818,TOYOTA LC300 V35A,,,False,Read more
3202,V35A STARTER,v35a-starter,simple,https://www.topengine.ae/product/v35a-starter/,28100-70090,False,0.0,0.0,0.0,False,True,0,0,1,https://www.topengine.ae/wp-content/uploads/2025/08/5-removebg-preview.png,818,TOYOTA LC300 V35A,,,False,Read more
3201,V35A ALTERNATOR,v35a-alternator,simple,https://www.topengine.ae/product/v35a-alternator/,27060-0W040,False,0.0,0.0,0.0,False,True,0,0,1,https://www.topengine.ae/wp-content/uploads/2025/08/4-removebg-preview.png,818,TOYOTA LC300 V35A,,,False,Read more
3200,V35A IGNITION COIL,v35a-ignition-coil,simple,https://www.topengine.ae/product/v35a-ignition-coil/,90919-02277,False,0.0,0.0,0.0,False,True,0,0,1,https://www.topengine.ae/wp-content/uploads/2025/08/3-removebg-preview.png,818,TOYOTA LC300 V35A,,,False,Read more
3199,V35A TURBO CHARGER NO 2,v35a-turbo-charger-no-2,simple,https://www.topengine.ae/product/v35a-turbo-charger-no-2/,17208-70070,False,0.0,0.0,0.0,False,True,0,0,1,https://www.topengine.ae/wp-content/uploads/2025/08/2-removebg-preview.png,818,TOYOTA LC300 V35A,,,False,Read more
3198,V35A TURBO CHARGER NO 1,v35a-turbo-charger-no-1,simple,https://www.topengine.ae/product/v35a-turbo-charger-no-1/,17201-70070,False,0.0,0.0,0.0,False,True,0,0,1,https://www.topengine.ae/wp-content/uploads/2025/08/1-removebg-preview.png,818,TOYOTA LC300 V35A,,,False,Read more
3197,V35A BELT V,v35a-belt-v-2,simple,https://www.topengine.ae/product/v35a-belt-v-2/,COOLER COMPRESSOR TO CRANKSHAFT 90916-02777,False,0.0,0.0,0.0,False,True,0,0,1,https://www.topengine.ae/wp-content/uploads/2025/08/30-removebg-preview.png,818,TOYOTA LC300 V35A,,,False,Read more
3196,V35A BELT V,v35a-belt-v,simple,https://www.topengine.ae/product/v35a-belt-v/,FOR FAN AND ALTERNATOR 90916-02776,False,0.0,0.0,0.0,False,True,0,0,1,https://www.topengine.ae/wp-content/uploads/2025/08/29-removebg-preview.png,818,TOYOTA LC300 V35A,,,False,Read more
3195,V35A FAN,v35a-fan,simple,https://www.topengine.ae/product/v35a-fan/,16361-70090,False,0.0,0.0,0.0,False,True,0,0,1,https://www.topengine.ae/wp-content/uploads/2025/08/1749824167205_default-removebg-preview.png,818,TOYOTA LC300 V35A,,,False,Read more
3194,V35A FLUID COUPLING ASSY,v35a-fluid-coupling-assy,simple,https://www.topengine.ae/product/v35a-fluid-coupling-assy/,16210-70110,False,0.0,0.0,0.0,False,True,0,0,1,https://www.topengine.ae/wp-content/uploads/2025/08/27.jpg,818,TOYOTA LC300 V35A,,,False,Read more
3193,V35A WATER PUMP ASSY,v35a-water-pump-assy,simple,https://www.topengine.ae/product/v35a-water-pump-assy/,16100-79525,False,0.0,0.0,0.0,False,True,0,0,1,https://www.topengine.ae/wp-content/uploads/2025/08/26-removebg-preview.png,818,TOYOTA LC300 V35A,,,False,Read more
3192,V35A OIL COOLER ASSY,v35a-oil-cooler-assy,simple,https://www.topengine.ae/product/v35a-oil-cooler-assy/,15710-70060,False,0.0,0.0,0.0,False,True,0,0,1,https://www.topengine.ae/wp-content/uploads/2025/08/25.jpg,818,TOYOTA LC300 V35A,,,False,Read more
3191,V35A OIL FILTER,v35a-oil-filter,simple,https://www.topengine.ae/product/v35a-oil-filter/,90915-10010,False,0.0,0.0,0.0,False,True,0,0,1,https://www.topengine.ae/wp-content/uploads/2025/08/24-removebg-preview.png,818,TOYOTA LC300 V35A,,,False,Read more
3190,V35A OIL STRAINER SUB-ASSY,v35a-oil-strainer-sub-assy,simple,https://www.topengine.ae/product/v35a-oil-strainer-sub-assy/,15104-70110,False,0.0,0.0,0.0,False,True,0,0,1,https://www.topengine.ae/wp-content/uploads/2025/08/23-removebg-preview.png,818,TOYOTA LC300 V35A,,,False,Read more
3189,V35A CAMSHAFT EXHAUST LH,v35a-camshaft-exhaust-lh,simple,https://www.topengine.ae/product/v35a-camshaft-exhaust-lh/,13054-70010,False,0.0,0.0,0.0,False,True,0,0,1,https://www.topengine.ae/wp-content/uploads/2025/08/22-removebg-preview.png,818,TOYOTA LC300 V35A,,,False,Read more
3188,V35A CAMSHAFT EXHAUST RH,v35a-camshaft-exhaust-rh,simple,https://www.topengine.ae/product/v35a-camshaft-exhaust-rh/,13502-70080,False,0.0,0.0,0.0,False,True,0,0,2,https://www.topengine.ae/wp-content/uploads/2025/08/21-removebg-preview-1.png,818,TOYOTA LC300 V35A,,,False,Read more
3187,V35A CAMSHAFT INTAKE LH,v35a-camshaft-intake-lh,simple,https://www.topengine.ae/product/v35a-camshaft-intake-lh/,13053-70020,False,0.0,0.0,0.0,False,True,0,0,1,https://www.topengine.ae/wp-content/uploads/2025/08/20-removebg-preview.png,818,TOYOTA LC300 V35A,,,False,Read more
3186,V35A CAMSHAFT INTAKE RH,v35a-camshaft-intake-rh,simple,https://www.topengine.ae/product/v35a-camshaft-intake-rh/,13501-70130,False,0.0,0.0,0.0,False,True,0,0,1,https://www.topengine.ae/wp-content/uploads/2025/08/19-removebg-preview.png,818,TOYOTA LC300 V35A,,,False,Read more
3185,V35A PULLY CRANKSHAFT,v35a-pully-crankshaft,simple,https://www.topengine.ae/product/v35a-pully-crankshaft/,13408-70020,False,0.0,0.0,0.0,False,True,0,0,1,https://www.topengine.ae/wp-content/uploads/2025/08/18-removebg-preview-1.png,818,TOYOTA LC300 V35A,,,False,Read more
3184,V35A BEARING CONNECTING ROD,v35a-bearing-connecting-rod,simple,https://www.topengine.ae/product/v35a-bearing-connecting-rod/,13041-70031-01,False,0.0,0.0,0.0,False,True,0,0,1,https://www.topengine.ae/wp-content/uploads/2025/08/17-removebg-preview.png,818,TOYOTA LC300 V35A,,,False,Read more
3183,V35A CONNECTING ROD,v35a-connecting-rod,simple,https://www.topengine.ae/product/v35a-connecting-rod/,13201-79655,False,0.0,0.0,0.0,False,True,0,0,2,https://www.topengine.ae/wp-content/uploads/2025/08/16-removebg-preview.png,818,TOYOTA LC300 V35A,,,False,Read more
3182,V35A RING SET,v35a-ring-set,simple,https://www.topengine.ae/product/v35a-ring-set/,13011-70142,False,0.0,0.0,0.0,False,True,0,0,1,https://www.topengine.ae/wp-content/uploads/2025/08/15-removebg-preview.png,818,TOYOTA LC300 V35A,,,False,Read more
3181,V35A PISTON SUB-ASSY W/PIN,v35a-piston-sub-assy-w-pin,simple,https://www.topengine.ae/product/v35a-piston-sub-assy-w-pin/,13101-70160,False,0.0,0.0,0.0,False,True,0,0,1,https://www.topengine.ae/wp-content/uploads/2025/08/14-removebg-preview.png,818,TOYOTA LC300 V35A,,,False,Read more
3180,V35A CRANKSHAFT,v35a-crankshaft,simple,https://www.topengine.ae/product/v35a-crankshaft/,13401-70021,False,0.0,0.0,0.0,False,True,0,0,1,https://www.topengine.ae/wp-content/uploads/2025/08/13-removebg-preview.png,818,TOYOTA LC300 V35A,,,False,Read more
3179,"V35A INSULATOR, ENGINE MOUNTING,",v35a-insulator-engine-mounting,simple,https://www.topengine.ae/product/v35a-insulator-engine-mounting/,REAR 12371-70130,False,0.0,0.0,0.0,False,True,0,0,1,https://www.topengine.ae/wp-content/uploads/2025/08/12-removebg-preview.png,818,TOYOTA LC300 V35A,,,False,Read more
3178,V35A INSULATOR,v35a-insulator-2,simple,https://www.topengine.ae/product/v35a-insulator-2/,ENGINE MOUNTING FRONT LH 12362-70023,False,0.0,0.0,0.0,False,True,0,0,1,https://www.topengine.ae/wp-content/uploads/2025/08/download-2025-09-02T155718.843.jpg,818,TOYOTA LC300 V35A,,,False,Read more
3177,V35A INSULATOR,v35a-insulator,simple,https://www.topengine.ae/product/v35a-insulator/,ENGINE MOUNTING FRONT RH 12361-70293,False,0.0,0.0,0.0,False,True,0,0,1,https://www.topengine.ae/wp-content/uploads/2025/08/40-removebg-preview.png,818,TOYOTA LC300 V35A,,,False,Read more
3176,"V35A BRACKET, ENGINE MOUNTING,",v35a-bracket-engine-mounting-2,simple,https://www.topengine.ae/product/v35a-bracket-engine-mounting-2/,FRONT NO.1 LH 12315-70160,False,0.0,0.0,0.0,False,True,0,0,1,https://www.topengine.ae/wp-content/uploads/2025/08/39-removebg-preview.png,818,TOYOTA LC300 V35A,,,False,Read more
3175,"V35A BRACKET, ENGINE MOUNTING,",v35a-bracket-engine-mounting,simple,https://www.topengine.ae/product/v35a-bracket-engine-mounting/,FRONT NO.1 RH 12311-70190,False,0.0,0.0,0.0,False,True,0,0,1,https://www.topengine.ae/wp-content/uploads/2025/08/38-removebg-preview.png,818,TOYOTA LC300 V35A,,,False,Read more
3174,V35A TIMING COVER ASSY NO 2,v35a-timing-cover-assy-no-2,simple,https://www.topengine.ae/product/v35a-timing-cover-assy-no-2/,11320-70090,False,0.0,0.0,0.0,False,True,0,0,1,https://www.topengine.ae/wp-content/uploads/2025/08/download-2025-09-02T155857.938.jpg,818,TOYOTA LC300 V35A,,,False,Read more
3173,V35A TENSIONER ASSY,v35a-tensioner-assy,simple,https://www.topengine.ae/product/v35a-tensioner-assy/,16620-70030,False,0.0,0.0,0.0,False,True,0,0,1,https://www.topengine.ae/wp-content/uploads/2025/08/download-2025-09-02T155806.219.jpg,818,TOYOTA LC300 V35A,,,False,Read more
3172,V35A TIMING COVER ASSY,v35a-timing-cover-assy,simple,https://www.topengine.ae/product/v35a-timing-cover-assy/,11310-70020,False,0.0,0.0,0.0,False,True,0,0,1,https://www.topengine.ae/wp-content/uploads/2025/08/download-2025-09-02T155938.874.jpg,818,TOYOTA LC300 V35A,,,False,Read more
3171,"V35A COVER ASSY CYLINDER HEAD,LH",v35a-cover-assy-cylinder-headlh,simple,https://www.topengine.ae/product/v35a-cover-assy-cylinder-headlh/,11202-70050,False,0.0,0.0,0.0,False,True,0,0,1,https://www.topengine.ae/wp-content/uploads/2025/08/34-removebg-preview.png,818,TOYOTA LC300 V35A,,,False,Read more
3170,"V35A COVER ASSY CYLINDER HEAD,RH",v35a-cover-assy-cylinder-headrh,simple,https://www.topengine.ae/product/v35a-cover-assy-cylinder-headrh/,11201-70100,False,0.0,0.0,0.0,False,True,0,0,1,https://www.topengine.ae/wp-content/uploads/2025/08/download-2025-09-02T155603.028.jpg,818,TOYOTA LC300 V35A,,,False,Read more
3169,"V35A CYLINDER HEAD,LH",v35a-cylinder-headlh,simple,https://www.topengine.ae/product/v35a-cylinder-headlh/,11102-79025,False,0.0,0.0,0.0,False,True,0,0,1,https://www.topengine.ae/wp-content/uploads/2025/08/33-removebg-preview-1.png,818,TOYOTA LC300 V35A,,,False,Read more
3168,"V35A CYLINDER HEAD,RH",v35a-cylinder-headrh,simple,https://www.topengine.ae/product/v35a-cylinder-headrh/,11101-79335,False,0.0,0.0,0.0,False,True,0,0,1,https://www.topengine.ae/wp-content/uploads/2025/08/32-removebg-preview.png,818,TOYOTA LC300 V35A,,,False,Read more
3167,V35A ENGINE ASSY,v35a-engine-assy,simple,https://www.topengine.ae/product/v35a-engine-assy/,19000-70550,False,0.0,0.0,0.0,False,True,0,0,1,https://www.topengine.ae/wp-content/uploads/2025/08/31-removebg-preview.png,818,TOYOTA LC300 V35A,,,False,Read more
3166,LANDCRUISER,landcruiser,simple,https://www.topengine.ae/product/landcruiser/,LC300 V35AFTS PETROL,False,0.0,0.0,0.0,False,True,0,0,1,https://www.topengine.ae/wp-content/uploads/2025/08/52-removebg-preview.png,818,TOYOTA LC300 V35A,,,False,Read more
3165,2GD MANUAL TRANSMISSION,2gd-manual-transmission,simple,https://www.topengine.ae/product/2gd-manual-transmission/,33030-0KD70,False,0.0,0.0,0.0,False,True,0,0,1,https://www.topengine.ae/wp-content/uploads/2025/08/51-removebg-preview.png,817,TOYOTA 1KD/2KD/1GD/2GD,,,False,Read more
3164,2GD CLUTCH DISC,2gd-clutch-disc,simple,https://www.topengine.ae/product/2gd-clutch-disc/,31250-0K310,False,0.0,0.0,0.0,False,True,0,0,1,https://www.topengine.ae/wp-content/uploads/2025/08/50-removebg-preview.png,817,TOYOTA 1KD/2KD/1GD/2GD,,,False,Read more
3163,2GD CLUTCH COVER,2gd-clutch-cover,simple,https://www.topengine.ae/product/2gd-clutch-cover/,31210-0K310,False,0.0,0.0,0.0,False,True,0,0,1,https://www.topengine.ae/wp-content/uploads/2025/08/images-8.jpg,817,TOYOTA 1KD/2KD/1GD/2GD,,,False,Read more
3162,2GD DIESAL PUMP,2gd-diesal-pump,simple,https://www.topengine.ae/product/2gd-diesal-pump/,22100-0E020,False,0.0,0.0,0.0,False,True,0,0,1,https://www.topengine.ae/wp-content/uploads/2025/08/download-2025-09-02T163028.624.jpg,817,TOYOTA 1KD/2KD/1GD/2GD,,,False,Read more
3161,2GD INJECTOR,2gd-injector,simple,https://www.topengine.ae/product/2gd-injector/,23670-09430,False,0.0,0.0,0.0,False,True,0,0,1,https://www.topengine.ae/wp-content/uploads/2025/08/47-removebg-preview.png,817,TOYOTA 1KD/2KD/1GD/2GD,,,False,Read more
3160,2GD VACUUM PUMP,2gd-vacuum-pump,simple,https://www.topengine.ae/product/2gd-vacuum-pump/,29300-11020,False,0.0,0.0,0.0,False,True,0,0,1,https://www.topengine.ae/wp-content/uploads/2025/08/46-removebg-preview.png,817,TOYOTA 1KD/2KD/1GD/2GD,,,False,Read more
3159,2GD TURBO CHARGER,2gd-turbo-charger,simple,https://www.topengine.ae/product/2gd-turbo-charger/,17201-11070,False,0.0,0.0,0.0,False,True,0,0,1,https://www.topengine.ae/wp-content/uploads/2025/08/45-removebg-preview.png,817,TOYOTA 1KD/2KD/1GD/2GD,,,False,Read more
3158,2GD TENSIONER ASSY V-BELT,2gd-tensioner-assy-v-belt,simple,https://www.topengine.ae/product/2gd-tensioner-assy-v-belt/,16620-0E010,False,0.0,0.0,0.0,False,True,0,0,1,https://www.topengine.ae/wp-content/uploads/2025/08/download-2025-09-02T163420.154.jpg,817,TOYOTA 1KD/2KD/1GD/2GD,,,False,Read more
3157,2GD FLUID COUPLING ASSY,2gd-fluid-coupling-assy,simple,https://www.topengine.ae/product/2gd-fluid-coupling-assy/,16210-0E020,False,0.0,0.0,0.0,False,True,0,0,1,https://www.topengine.ae/wp-content/uploads/2025/08/43-removebg-preview-e1755146614490.png,817,TOYOTA 1KD/2KD/1GD/2GD,,,False,Read more
3156,2GD OIL STRAINER SUB-ASSY,2gd-oil-strainer-sub-assy,simple,https://www.topengine.ae/product/2gd-oil-strainer-sub-assy/,15101-0E010,False,0.0,0.0,0.0,False,True,0,0,1,https://www.topengine.ae/wp-content/uploads/2025/08/download-2025-09-02T163335.336.jpg,817,TOYOTA 1KD/2KD/1GD/2GD,,,False,Read more
3155,2GD FLYWHEEL,2gd-flywheel,simple,https://www.topengine.ae/product/2gd-flywheel/,13405-0E010,False,0.0,0.0,0.0,False,True,0,0,1,https://www.topengine.ae/wp-content/uploads/2025/08/download-2025-09-02T163211.472.jpg,817,TOYOTA 1KD/2KD/1GD/2GD,,,False,Read more
3154,2GD BEARING CONNECTING ROD,2gd-bearing-connecting-rod,simple,https://www.topengine.ae/product/2gd-bearing-connecting-rod/,13041-0E010-02,False,0.0,0.0,0.0,False,True,0,0,1,https://www.topengine.ae/wp-content/uploads/2025/08/69.jpg,817,TOYOTA 1KD/2KD/1GD/2GD,,,False,Read more
3153,2GD CONNECTING ROD,2gd-connecting-rod,simple,https://www.topengine.ae/product/2gd-connecting-rod/,13201-0E010-A0,False,0.0,0.0,0.0,False,True,0,0,1,https://www.topengine.ae/wp-content/uploads/2025/08/69-removebg-preview-2.png,817,TOYOTA 1KD/2KD/1GD/2GD,,,False,Read more
3152,RING,ring-4,simple,https://www.topengine.ae/product/ring-4/,SET PISTON 13011-0E010,False,0.0,0.0,0.0,False,True,0,0,1,https://www.topengine.ae/wp-content/uploads/2025/08/67-removebg-preview.png,817,TOYOTA 1KD/2KD/1GD/2GD,,,False,Read more
3151,2GD PISTION SUB-ASSY W/PIN,2gd-pistion-sub-assy-w-pin,simple,https://www.topengine.ae/product/2gd-pistion-sub-assy-w-pin/,13101-0E010-01,False,0.0,0.0,0.0,False,True,0,0,2,https://www.topengine.ae/wp-content/uploads/2025/08/66.jpg,817,TOYOTA 1KD/2KD/1GD/2GD,,,False,Read more
3150,2GD CRANKSHAFT,2gd-crankshaft,simple,https://www.topengine.ae/product/2gd-crankshaft/,13401-0E010,False,0.0,0.0,0.0,False,True,0,0,1,https://www.topengine.ae/wp-content/uploads/2025/08/66-removebg-preview.png,817,TOYOTA 1KD/2KD/1GD/2GD,,,False,Read more
3149,2GD INSULATOR ENGINE MOUNTING REAR,2gd-insulator-engine-mounting-rear,simple,https://www.topengine.ae/product/2gd-insulator-engine-mounting-rear/,12371-0L052,False,0.0,0.0,0.0,False,True,0,0,1,https://www.topengine.ae/wp-content/uploads/2025/08/64-removebg-preview.png,817,TOYOTA 1KD/2KD/1GD/2GD,,,False,Read more
3148,2GD INSULATOR ENGINE MOUNTING FRONT,2gd-insulator-engine-mounting-front,simple,https://www.topengine.ae/product/2gd-insulator-engine-mounting-front/,12361-30170,False,0.0,0.0,0.0,False,True,0,0,1,https://www.topengine.ae/wp-content/uploads/2025/08/download-2025-09-02T163248.592.jpg,817,TOYOTA 1KD/2KD/1GD/2GD,,,False,Read more
3147,"2GD BRACKET, ENGINE MOUNTING,",2gd-bracket-engine-mounting,simple,https://www.topengine.ae/product/2gd-bracket-engine-mounting/,FRONT LH 13215-0E010,False,0.0,0.0,0.0,False,True,0,0,1,https://www.topengine.ae/wp-content/uploads/2025/08/download-2025-09-02T162754.352.jpg,817,TOYOTA 1KD/2KD/1GD/2GD,,,False,Read more
3146,2GD Cylinder head,2gd-cover,simple,https://www.topengine.ae/product/2gd-cover/,SUB ASSY CYLINDER HEAD 11201-0E010,False,0.0,0.0,0.0,False,True,0,0,1,https://www.topengine.ae/wp-content/uploads/2025/08/download-2025-09-04T220832.895.jpg,817,TOYOTA 1KD/2KD/1GD/2GD,,,False,Read more
3145,2GD ENGINE ASSY,2gd-engine-assy,simple,https://www.topengine.ae/product/2gd-engine-assy/,19000-0E100,False,0.0,0.0,0.0,False,True,0,0,1,https://www.topengine.ae/wp-content/uploads/2025/08/download-2025-09-02T163119.040.jpg,817,TOYOTA 1KD/2KD/1GD/2GD,,,False,Read more
3144,2GDFTV,2gdftv,simple,https://www.topengine.ae/product/2gdftv/,HILUX 2400CC DIESAL 2016-2020,False,0.0,0.0,0.0,False,True,0,0,1,https://www.topengine.ae/wp-content/uploads/2025/08/3-removebg-preview-1.png,817,TOYOTA 1KD/2KD/1GD/2GD,,,False,Read more
3143,1GD POWER PUMP,1gd-power-pump,simple,https://www.topengine.ae/product/1gd-power-pump/,44310-0K130,False,0.0,0.0,0.0,False,True,0,0,1,https://www.topengine.ae/wp-content/uploads/2025/08/download-2025-09-02T162453.938.jpg,817,TOYOTA 1KD/2KD/1GD/2GD,,,False,Read more
3142,1GD MANUAL TRANSMISSION,1gd-manual-transmission,simple,https://www.topengine.ae/product/1gd-manual-transmission/,33030-0KE70,False,0.0,0.0,0.0,False,True,0,0,1,https://www.topengine.ae/wp-content/uploads/2025/08/57-removebg-preview.png,817,TOYOTA 1KD/2KD/1GD/2GD,,,False,Read more
3141,1GD CLUTCH DISC,1gd-clutch-disc,simple,https://www.topengine.ae/product/1gd-clutch-disc/,31250-0K281,False,0.0,0.0,0.0,False,True,0,0,1,https://www.topengine.ae/wp-content/uploads/2025/08/56-removebg-preview.png,817,TOYOTA 1KD/2KD/1GD/2GD,,,False,Read more
3140,1GD CLUTCH COVER,1gd-clutch-cover,simple,https://www.topengine.ae/product/1gd-clutch-cover/,31210-0K281,False,0.0,0.0,0.0,False,True,0,0,1,https://www.topengine.ae/wp-content/uploads/2025/08/download-2025-09-02T161504.742.jpg,817,TOYOTA 1KD/2KD/1GD/2GD,,,False,Read more
3139,1GD DIESAL THROTTLE BODY ASSY,1gd-diesal-throttle-body-assy,simple,https://www.topengine.ae/product/1gd-diesal-throttle-body-assy/,26100-0E020,False,0.0,0.0,0.0,False,True,0,0,1,https://www.topengine.ae/wp-content/uploads/2025/08/download-2025-09-02T161816.019.jpg,817,TOYOTA 1KD/2KD/1GD/2GD,,,False,Read more
3138,1GD FUEL FILTER,1gd-fuel-filter,simple,https://www.topengine.ae/product/1gd-fuel-filter/,23300-0L111,False,0.0,0.0,0.0,False,True,0,0,1,https://www.topengine.ae/wp-content/uploads/2025/08/download-2025-09-02T161948.676.jpg,817,TOYOTA 1KD/2KD/1GD/2GD,,,False,Read more
3137,1GD DIESAL PUMP,1gd-diesal-pump,simple,https://www.topengine.ae/product/1gd-diesal-pump/,22100-0E010,False,0.0,0.0,0.0,False,True,0,0,1,https://www.topengine.ae/wp-content/uploads/2025/08/81-removebg-preview-1.png,817,TOYOTA 1KD/2KD/1GD/2GD,,,False,Read more
3136,1GD INJECTOR,1gd-injector,simple,https://www.topengine.ae/product/1gd-injector/,23670-09420,False,0.0,0.0,0.0,False,True,0,0,1,https://www.topengine.ae/wp-content/uploads/2025/08/80-removebg-preview-1.png,817,TOYOTA 1KD/2KD/1GD/2GD,,,False,Read more
3135,1GD VACUUM PUMP,1gd-vacuum-pump,simple,https://www.topengine.ae/product/1gd-vacuum-pump/,29300-11021,False,0.0,0.0,0.0,False,True,0,0,1,https://www.topengine.ae/wp-content/uploads/2025/08/79-removebg-preview-1.png,817,TOYOTA 1KD/2KD/1GD/2GD,,,False,Read more
3134,1GD STARTER,1gd-starter,simple,https://www.topengine.ae/product/1gd-starter/,28100-0L260,False,0.0,0.0,0.0,False,True,0,0,1,https://www.topengine.ae/wp-content/uploads/2025/08/78-removebg-preview-1.png,817,TOYOTA 1KD/2KD/1GD/2GD,,,False,Read more
3133,1GD ALTERNATOR,1gd-alternator,simple,https://www.topengine.ae/product/1gd-alternator/,27060-0L280,False,0.0,0.0,0.0,False,True,0,0,1,https://www.topengine.ae/wp-content/uploads/2025/08/77-removebg-preview.png,817,TOYOTA 1KD/2KD/1GD/2GD,,,False,Read more
3132,1GD TURBO CHARGER,1gd-turbo-charger,simple,https://www.topengine.ae/product/1gd-turbo-charger/,17201-11080,False,0.0,0.0,0.0,False,True,0,0,1,https://www.topengine.ae/wp-content/uploads/2025/08/76-removebg-preview.png,817,TOYOTA 1KD/2KD/1GD/2GD,,,False,Read more
3131,1GD BELT V,1gd-belt-v,simple,https://www.topengine.ae/product/1gd-belt-v/,FOR ALTERNATOR AND FAN 90916-T2033,False,0.0,0.0,0.0,False,True,0,0,1,https://www.topengine.ae/wp-content/uploads/2025/08/75-removebg-preview-1.png,817,TOYOTA 1KD/2KD/1GD/2GD,,,False,Read more
3130,1GD TENSIONER V,1gd-tensioner-v,simple,https://www.topengine.ae/product/1gd-tensioner-v/,BELT 16620-0E020,False,0.0,0.0,0.0,False,True,0,0,1,https://www.topengine.ae/wp-content/uploads/2025/08/74-removebg-preview.png,817,TOYOTA 1KD/2KD/1GD/2GD,,,False,Read more
3129,1GD FLUID COUPLING ASSY,1gd-fluid-coupling-assy,simple,https://www.topengine.ae/product/1gd-fluid-coupling-assy/,16210-0E010,False,0.0,0.0,0.0,False,True,0,0,1,https://www.topengine.ae/wp-content/uploads/2025/08/73-removebg-preview.png,817,TOYOTA 1KD/2KD/1GD/2GD,,,False,Read more
3128,1GD WATER PUMP ASSY,1gd-water-pump-assy,simple,https://www.topengine.ae/product/1gd-water-pump-assy/,16100-09711,False,0.0,0.0,0.0,False,True,0,0,1,https://www.topengine.ae/wp-content/uploads/2025/08/72-removebg-preview-1.png,817,TOYOTA 1KD/2KD/1GD/2GD,,,False,Read more
3127,1GD OIL COOLER ENGINE,1gd-oil-cooler-engine,simple,https://www.topengine.ae/product/1gd-oil-cooler-engine/,15071-0E010,False,0.0,0.0,0.0,False,True,0,0,1,https://www.topengine.ae/wp-content/uploads/2025/08/101-removebg-preview.png,817,TOYOTA 1KD/2KD/1GD/2GD,,,False,Read more
3126,1GD OILFILTER,1gd-oilfilter,simple,https://www.topengine.ae/product/1gd-oilfilter/,90915-TB001,False,0.0,0.0,0.0,False,True,0,0,1,https://www.topengine.ae/wp-content/uploads/2025/08/download-2025-09-02T162259.248.jpg,817,TOYOTA 1KD/2KD/1GD/2GD,,,False,Read more
3125,1GD OIL STRAINER SUB ASSY,1gd-oil-strainer-sub-assy,simple,https://www.topengine.ae/product/1gd-oil-strainer-sub-assy/,15104-0E010,False,0.0,0.0,0.0,False,True,0,0,1,https://www.topengine.ae/wp-content/uploads/2025/08/download-2025-09-02T162225.451.jpg,817,TOYOTA 1KD/2KD/1GD/2GD,,,False,Read more
3124,1GD CAMSHAFT NO 2,1gd-camshaft-no-2,simple,https://www.topengine.ae/product/1gd-camshaft-no-2/,13502-0E010,False,0.0,0.0,0.0,False,True,0,0,1,https://www.topengine.ae/wp-content/uploads/2025/08/98-removebg-preview-1.png,817,TOYOTA 1KD/2KD/1GD/2GD,,,False,Read more
3123,1GD CAMSHAFT,1gd-camshaft,simple,https://www.topengine.ae/product/1gd-camshaft/,13501-0E010,False,0.0,0.0,0.0,False,True,0,0,1,https://www.topengine.ae/wp-content/uploads/2025/08/97-removebg-preview-1.png,817,TOYOTA 1KD/2KD/1GD/2GD,,,False,Read more
3122,1GD FLYWHEEL,1gd-flywheel,simple,https://www.topengine.ae/product/1gd-flywheel/,13405-0E030,False,0.0,0.0,0.0,False,True,0,0,1,https://www.topengine.ae/wp-content/uploads/2025/08/download-2025-09-02T161902.814.jpg,817,TOYOTA 1KD/2KD/1GD/2GD,,,False,Read more
3121,1GD BEARING FOR CONNECTING ROD,1gd-bearing-for-connecting-rod,simple,https://www.topengine.ae/product/1gd-bearing-for-connecting-rod/,13041-0E020-02,False,0.0,0.0,0.0,False,True,0,0,1,https://www.topengine.ae/wp-content/uploads/2025/08/95-removebg-preview-1.png,817,TOYOTA 1KD/2KD/1GD/2GD,,,False,Read more
3120,1GD CONNECTING ROD,1gd-connecting-rod,simple,https://www.topengine.ae/product/1gd-connecting-rod/,13201-0E020-A0,False,0.0,0.0,0.0,False,True,0,0,1,https://www.topengine.ae/wp-content/uploads/2025/08/download-2025-09-02T161610.751.jpg,817,TOYOTA 1KD/2KD/1GD/2GD,,,False,Read more
3119,RING,ring-3,simple,https://www.topengine.ae/product/ring-3/,SET PISTON 13011-0E020,False,0.0,0.0,0.0,False,True,0,0,1,https://www.topengine.ae/wp-content/uploads/2025/08/93-removebg-preview-1.png,817,TOYOTA 1KD/2KD/1GD/2GD,,,False,Read more
3118,1GD PISTON SUB-ASSY W/PIN,1gd-piston-sub-assy-w-pin,simple,https://www.topengine.ae/product/1gd-piston-sub-assy-w-pin/,13101-0E020-01,False,0.0,0.0,0.0,False,True,0,0,1,https://www.topengine.ae/wp-content/uploads/2025/08/download-2025-09-02T162401.700.jpg,817,TOYOTA 1KD/2KD/1GD/2GD,,,False,Read more
3117,1GD CRANKSHAFT,1gd-crankshaft,simple,https://www.topengine.ae/product/1gd-crankshaft/,13401-0E020,False,0.0,0.0,0.0,False,True,0,0,1,https://www.topengine.ae/wp-content/uploads/2025/08/91-removebg-preview.png,817,TOYOTA 1KD/2KD/1GD/2GD,,,False,Read more
3116,"1GD INSULATOR, ENGINE MOUNTING,",1gd-insulator-engine-mounting-2,simple,https://www.topengine.ae/product/1gd-insulator-engine-mounting-2/,REAR 123710L210,False,0.0,0.0,0.0,False,True,0,0,1,https://www.topengine.ae/wp-content/uploads/2025/08/90-removebg-preview-1.png,817,TOYOTA 1KD/2KD/1GD/2GD,,,False,Read more
3115,"1GD INSULATOR, ENGINE MOUNTING,",1gd-insulator-engine-mounting,simple,https://www.topengine.ae/product/1gd-insulator-engine-mounting/,FRONT 12361-30170,False,0.0,0.0,0.0,False,True,0,0,1,https://www.topengine.ae/wp-content/uploads/2025/08/download-2025-09-02T162129.363.jpg,817,TOYOTA 1KD/2KD/1GD/2GD,,,False,Read more
3114,"1GD BRACKET, ENGINE MOUNTING,",1gd-bracket-engine-mounting-2,simple,https://www.topengine.ae/product/1gd-bracket-engine-mounting-2/,FRONT LH 12315-0E010,False,0.0,0.0,0.0,False,True,0,0,1,https://www.topengine.ae/wp-content/uploads/2025/08/88-removebg-preview-1.png,817,TOYOTA 1KD/2KD/1GD/2GD,,,False,Read more
3113,"1GD BRACKET, ENGINE MOUNTING,",1gd-bracket-engine-mounting,simple,https://www.topengine.ae/product/1gd-bracket-engine-mounting/,FRONT RH 12311-0E020,False,0.0,0.0,0.0,False,True,0,0,1,https://www.topengine.ae/wp-content/uploads/2025/08/87-removebg-preview-1.png,817,TOYOTA 1KD/2KD/1GD/2GD,,,False,Read more
3112,1GD TIMING CHAIN COVER ASSY,1gd-timing-chain-cover-assy,simple,https://www.topengine.ae/product/1gd-timing-chain-cover-assy/,11310-0E010,False,0.0,0.0,0.0,False,True,0,0,1,https://www.topengine.ae/wp-content/uploads/2025/08/download-2025-09-02T162536.651.jpg,817,TOYOTA 1KD/2KD/1GD/2GD,,,False,Read more
3111,1GD COVER SUB-ASY CYLINDER HEAD,1gd-cover-sub-asy-cylinder-head,simple,https://www.topengine.ae/product/1gd-cover-sub-asy-cylinder-head/,11201-0E010,False,0.0,0.0,0.0,False,True,0,0,1,https://www.topengine.ae/wp-content/uploads/2025/08/download-2025-09-02T161707.645.jpg,817,TOYOTA 1KD/2KD/1GD/2GD,,,False,Read more
3110,1GD GASKET CYLINDER HEAD,1gd-gasket-cylinder-head,simple,https://www.topengine.ae/product/1gd-gasket-cylinder-head/,11115-0E010-A0,False,0.0,0.0,0.0,False,True,0,0,1,https://www.topengine.ae/wp-content/uploads/2025/08/download-2025-09-02T162034.699.jpg,817,TOYOTA 1KD/2KD/1GD/2GD,,,False,Read more
3109,1GD CYLINDER HEAD,1gd-cylinder-head,simple,https://www.topengine.ae/product/1gd-cylinder-head/,11101-0E010,False,0.0,0.0,0.0,False,True,0,0,1,https://www.topengine.ae/wp-content/uploads/2025/08/83-removebg-preview.png,817,TOYOTA 1KD/2KD/1GD/2GD,,,False,Read more
3108,1GD ENGINE ASSY,1gd-engine-assy,simple,https://www.topengine.ae/product/1gd-engine-assy/,19000-0E020,False,0.0,0.0,0.0,False,True,0,0,1,https://www.topengine.ae/wp-content/uploads/2025/08/82-removebg-preview.png,817,TOYOTA 1KD/2KD/1GD/2GD,,,False,Read more
3107,1GDFTV,1gdftv,simple,https://www.topengine.ae/product/1gdftv/,HILUX 2800CC 2016-2020,False,0.0,0.0,0.0,False,True,0,0,1,https://www.topengine.ae/wp-content/uploads/2025/08/113-removebg-preview.png,817,TOYOTA 1KD/2KD/1GD/2GD,,,False,Read more
3106,2KD POWER PUMP,2kd-power-pump,simple,https://www.topengine.ae/product/2kd-power-pump/,44310-0K020,False,0.0,0.0,0.0,False,True,0,0,1,https://www.topengine.ae/wp-content/uploads/2025/08/111-removebg-preview.png,817,TOYOTA 1KD/2KD/1GD/2GD,,,False,Read more
3105,2KD CLUTCH DISC,2kd-clutch-disc,simple,https://www.topengine.ae/product/2kd-clutch-disc/,31250-0K210,False,0.0,0.0,0.0,False,True,0,0,1,https://www.topengine.ae/wp-content/uploads/2025/08/110-removebg-preview.png,817,TOYOTA 1KD/2KD/1GD/2GD,,,False,Read more
3104,2KD CLUTCH COVER,2kd-clutch-cover,simple,https://www.topengine.ae/product/2kd-clutch-cover/,31210-0K023,False,0.0,0.0,0.0,False,True,0,0,1,https://www.topengine.ae/wp-content/uploads/2025/08/109-removebg-preview.png,817,TOYOTA 1KD/2KD/1GD/2GD,,,False,Read more
3103,2KD DIESAL PUMP,2kd-diesal-pump,simple,https://www.topengine.ae/product/2kd-diesal-pump/,22100-0L060,False,0.0,0.0,0.0,False,True,0,0,1,https://www.topengine.ae/wp-content/uploads/2025/08/108-removebg-preview.png,817,TOYOTA 1KD/2KD/1GD/2GD,,,False,Read more
3102,2KD INJECTOR,2kd-injector,simple,https://www.topengine.ae/product/2kd-injector/,23670-09380,False,0.0,0.0,0.0,False,True,0,0,1,https://www.topengine.ae/wp-content/uploads/2025/08/107-removebg-preview.png,817,TOYOTA 1KD/2KD/1GD/2GD,,,False,Read more
3101,2KD STARTER,2kd-starter,simple,https://www.topengine.ae/product/2kd-starter/,28100-0L041,False,0.0,0.0,0.0,False,True,0,0,1,https://www.topengine.ae/wp-content/uploads/2025/08/106-removebg-preview.png,817,TOYOTA 1KD/2KD/1GD/2GD,,,False,Read more
3100,2KD ALTERNATOR,2kd-alternator,simple,https://www.topengine.ae/product/2kd-alternator/,27060-0L022,False,0.0,0.0,0.0,False,True,0,0,1,https://www.topengine.ae/wp-content/uploads/2025/08/105-removebg-preview.png,817,TOYOTA 1KD/2KD/1GD/2GD,,,False,Read more
3099,2KD TURBO CHARGER,2kd-turbo-charger,simple,https://www.topengine.ae/product/2kd-turbo-charger/,17201-30120,False,0.0,0.0,0.0,False,True,0,0,1,https://www.topengine.ae/wp-content/uploads/2025/08/1580797387996_bulletin-removebg-preview.png,817,TOYOTA 1KD/2KD/1GD/2GD,,,False,Read more
3098,2KD BELT,2kd-belt,simple,https://www.topengine.ae/product/2kd-belt/,FOR ALTRNATOR AND FAN 90916-T2006,False,0.0,0.0,0.0,False,True,0,0,1,https://www.topengine.ae/wp-content/uploads/2025/08/103-removebg-preview.png,817,TOYOTA 1KD/2KD/1GD/2GD,,,False,Read more
3097,2KD OIL COOLER ASSY,2kd-oil-cooler-assy,simple,https://www.topengine.ae/product/2kd-oil-cooler-assy/,15710-30040,False,0.0,0.0,0.0,False,True,0,0,1,https://www.topengine.ae/wp-content/uploads/2025/08/2-removebg-preview-1.png,817,TOYOTA 1KD/2KD/1GD/2GD,,,False,Read more
3096,2KD OIL COOLER SUB ASSY,2kd-oil-cooler-sub-assy,simple,https://www.topengine.ae/product/2kd-oil-cooler-sub-assy/,15701-30081,False,0.0,0.0,0.0,False,True,0,0,1,https://www.topengine.ae/wp-content/uploads/2025/08/124-removebg-preview.png,817,TOYOTA 1KD/2KD/1GD/2GD,,,False,Read more
3095,2KD CAMSHAFT NO 2,2kd-camshaft-no-2,simple,https://www.topengine.ae/product/2kd-camshaft-no-2/,13502-30030,False,0.0,0.0,0.0,False,True,0,0,1,https://www.topengine.ae/wp-content/uploads/2025/08/123-removebg-preview.png,817,TOYOTA 1KD/2KD/1GD/2GD,,,False,Read more
3094,2KD CAMSHAFT,2kd-camshaft,simple,https://www.topengine.ae/product/2kd-camshaft/,13501-30040,False,0.0,0.0,0.0,False,True,0,0,1,https://www.topengine.ae/wp-content/uploads/2025/08/122-removebg-preview.png,817,TOYOTA 1KD/2KD/1GD/2GD,,,False,Read more
3093,2KD FLYWHEEL,2kd-flywheel,simple,https://www.topengine.ae/product/2kd-flywheel/,13405-30020,False,0.0,0.0,0.0,False,True,0,0,1,https://www.topengine.ae/wp-content/uploads/2025/08/121-removebg-preview.png,817,TOYOTA 1KD/2KD/1GD/2GD,,,False,Read more
3092,2KD CONNECTING ROD,2kd-connecting-rod,simple,https://www.topengine.ae/product/2kd-connecting-rod/,13201-30041,False,0.0,0.0,0.0,False,True,0,0,1,https://www.topengine.ae/wp-content/uploads/2025/08/120-removebg-preview.png,817,TOYOTA 1KD/2KD/1GD/2GD,,,False,Read more
3091,RING,ring-2,simple,https://www.topengine.ae/product/ring-2/,SET PISTON 13011-0L040,False,0.0,0.0,0.0,False,True,0,0,1,https://www.topengine.ae/wp-content/uploads/2025/08/119-removebg-preview.png,817,TOYOTA 1KD/2KD/1GD/2GD,,,False,Read more
3090,2KD PISTON SUB ASY W/PIN,2kd-piston-sub-asy-w-pin,simple,https://www.topengine.ae/product/2kd-piston-sub-asy-w-pin/,13101-0L051-01,False,0.0,0.0,0.0,False,True,0,0,1,https://www.topengine.ae/wp-content/uploads/2025/08/118-removebg-preview.png,817,TOYOTA 1KD/2KD/1GD/2GD,,,False,Read more
3089,2KD CRANKSHAFT,2kd-crankshaft,simple,https://www.topengine.ae/product/2kd-crankshaft/,13401-30060,False,0.0,0.0,0.0,False,True,0,0,1,https://www.topengine.ae/wp-content/uploads/2025/08/117-removebg-preview.png,817,TOYOTA 1KD/2KD/1GD/2GD,,,False,Read more
3088,"2KD INSULATOR, ENGINE MOUNTING,",2kd-insulator-engine-mounting-2,simple,https://www.topengine.ae/product/2kd-insulator-engine-mounting-2/,REAR 12371-0C070,False,0.0,0.0,0.0,False,True,0,0,1,https://www.topengine.ae/wp-content/uploads/2025/08/116-removebg-preview.png,817,TOYOTA 1KD/2KD/1GD/2GD,,,False,Read more
3087,"2KD INSULATOR, ENGINE MOUNTING,",2kd-insulator-engine-mounting,simple,https://www.topengine.ae/product/2kd-insulator-engine-mounting/,FRONT 12361-30080,False,0.0,0.0,0.0,False,True,0,0,1,https://www.topengine.ae/wp-content/uploads/2025/08/115-removebg-preview.png,817,TOYOTA 1KD/2KD/1GD/2GD,,,False,Read more
3086,2KD TIMING GEAR CASE ASSY,2kd-timing-gear-case-assy,simple,https://www.topengine.ae/product/2kd-timing-gear-case-assy/,11320-30060,False,0.0,0.0,0.0,False,True,0,0,1,https://www.topengine.ae/wp-content/uploads/2025/08/114-removebg-preview-1.png,817,TOYOTA 1KD/2KD/1GD/2GD,,,False,Read more
3085,2KD GASKET CYLINDER HEAD,2kd-gasket-cylinder-head,simple,https://www.topengine.ae/product/2kd-gasket-cylinder-head/,11115-0L010-A0,False,0.0,0.0,0.0,False,True,0,0,1,https://www.topengine.ae/wp-content/uploads/2025/08/download-2025-09-02T163508.593.jpg,817,TOYOTA 1KD/2KD/1GD/2GD,,,False,Read more
3084,2KD CYLINDER HEAD,2kd-cylinder-head,simple,https://www.topengine.ae/product/2kd-cylinder-head/,11101-30071,False,0.0,0.0,0.0,False,True,0,0,1,https://www.topengine.ae/wp-content/uploads/2025/08/143-removebg-preview.png,817,TOYOTA 1KD/2KD/1GD/2GD,,,False,Read more
3083,2KD ENGINE ASSY,2kd-engine-assy,simple,https://www.topengine.ae/product/2kd-engine-assy/,19000-30451,False,0.0,0.0,0.0,False,True,0,0,1,https://www.topengine.ae/wp-content/uploads/2025/08/142-removebg-preview.png,817,TOYOTA 1KD/2KD/1GD/2GD,,,False,Read more
3082,2KDFTV,2kdftv,simple,https://www.topengine.ae/product/2kdftv/,HILUX 2500CC DIESAL,False,0.0,0.0,0.0,False,True,0,0,1,https://www.topengine.ae/wp-content/uploads/2025/08/141-removebg-preview.png,817,TOYOTA 1KD/2KD/1GD/2GD,,,False,Read more
3081,1KD POWER PUMP,1kd-power-pump,simple,https://www.topengine.ae/product/1kd-power-pump/,44310-0K040,False,0.0,0.0,0.0,False,True,0,0,1,https://www.topengine.ae/wp-content/uploads/2025/08/140-removebg-preview.png,817,TOYOTA 1KD/2KD/1GD/2GD,,,False,Read more
3080,1KD MANUAL TRANSMISSION,1kd-manual-transmission,simple,https://www.topengine.ae/product/1kd-manual-transmission/,33030-0K450,False,0.0,0.0,0.0,False,True,0,0,1,https://www.topengine.ae/wp-content/uploads/2025/08/139-removebg-preview.png,817,TOYOTA 1KD/2KD/1GD/2GD,,,False,Read more
3079,1KD CLUTCH DISC,1kd-clutch-disc,simple,https://www.topengine.ae/product/1kd-clutch-disc/,31250-0K220,False,0.0,0.0,0.0,False,True,0,0,1,https://www.topengine.ae/wp-content/uploads/2025/08/138-removebg-preview.png,817,TOYOTA 1KD/2KD/1GD/2GD,,,False,Read more
3078,1KD CLUTCH COVER,1kd-clutch-cover,simple,https://www.topengine.ae/product/1kd-clutch-cover/,31210-0K190,False,0.0,0.0,0.0,False,True,0,0,1,https://www.topengine.ae/wp-content/uploads/2025/08/137-removebg-preview.png,817,TOYOTA 1KD/2KD/1GD/2GD,,,False,Read more
3077,1KD DIESAL THROTTLE BODY ASSY,1kd-diesal-throttle-body-assy,simple,https://www.topengine.ae/product/1kd-diesal-throttle-body-assy/,26100-30070,False,0.0,0.0,0.0,False,True,0,0,1,https://www.topengine.ae/wp-content/uploads/2025/08/136-removebg-preview.png,817,TOYOTA 1KD/2KD/1GD/2GD,,,False,Read more
3076,1KD FUEL FILTER,1kd-fuel-filter,simple,https://www.topengine.ae/product/1kd-fuel-filter/,23300-0L041,False,0.0,0.0,0.0,False,True,0,0,1,https://www.topengine.ae/wp-content/uploads/2025/08/135-removebg-preview.png,817,TOYOTA 1KD/2KD/1GD/2GD,,,False,Read more
3075,1KD DIESAL PUMP,1kd-diesal-pump,simple,https://www.topengine.ae/product/1kd-diesal-pump/,22100-30090,False,0.0,0.0,0.0,False,True,0,0,1,https://www.topengine.ae/wp-content/uploads/2025/08/download-3.jpg,817,TOYOTA 1KD/2KD/1GD/2GD,,,False,Read more
3073,1KD VACUUM PUMP ASSY,1kd-vacuum-pump-assy,simple,https://www.topengine.ae/product/1kd-vacuum-pump-assy/,29300-67020,False,0.0,0.0,0.0,False,True,0,0,1,https://www.topengine.ae/wp-content/uploads/2025/08/132-removebg-preview.png,817,TOYOTA 1KD/2KD/1GD/2GD,,,False,Read more
3072,1KD STARTER ASSY,1kd-starter-assy,simple,https://www.topengine.ae/product/1kd-starter-assy/,28100-0L031,False,0.0,0.0,0.0,False,True,0,0,1,https://www.topengine.ae/wp-content/uploads/2025/08/131-removebg-preview.png,817,TOYOTA 1KD/2KD/1GD/2GD,,,False,Read more
3071,1KD ALTERNATOR,1kd-alternator,simple,https://www.topengine.ae/product/1kd-alternator/,27060-0L021,False,0.0,0.0,0.0,False,True,0,0,1,https://www.topengine.ae/wp-content/uploads/2025/08/130-removebg-preview.png,817,TOYOTA 1KD/2KD/1GD/2GD,,,False,Read more
3070,1KD TURBO CHARGER,1kd-turbo-charger,simple,https://www.topengine.ae/product/1kd-turbo-charger/,17201-30110,False,0.0,0.0,0.0,False,True,0,0,1,https://www.topengine.ae/wp-content/uploads/2025/08/download-2025-09-04T220740.730.jpg,817,TOYOTA 1KD/2KD/1GD/2GD,,,False,Read more
3069,1KD V BELT,1kd-v-belt,simple,https://www.topengine.ae/product/1kd-v-belt/,FOR ALTERNATOR AND FAN 90916-T2006,False,0.0,0.0,0.0,False,True,0,0,1,https://www.topengine.ae/wp-content/uploads/2025/08/128-removebg-preview.png,817,TOYOTA 1KD/2KD/1GD/2GD,,,False,Read more
3068,1KD FAN,1kd-fan,simple,https://www.topengine.ae/product/1kd-fan/,16361-0L020,False,0.0,0.0,0.0,False,True,0,0,1,https://www.topengine.ae/wp-content/uploads/2025/08/127-removebg-preview.png,817,TOYOTA 1KD/2KD/1GD/2GD,,,False,Read more
3067,1KD TENSIONER ASSY V,1kd-tensioner-assy-v,simple,https://www.topengine.ae/product/1kd-tensioner-assy-v/,BELT 16620-30031,False,0.0,0.0,0.0,False,True,0,0,1,https://www.topengine.ae/wp-content/uploads/2025/08/126-removebg-preview.png,817,TOYOTA 1KD/2KD/1GD/2GD,,,False,Read more
3066,1KD FLUID COUPLING ASSY,1kd-fluid-coupling-assy,simple,https://www.topengine.ae/product/1kd-fluid-coupling-assy/,16210-30030,False,0.0,0.0,0.0,False,True,0,0,1,https://www.topengine.ae/wp-content/uploads/2025/08/125-removebg-preview.png,817,TOYOTA 1KD/2KD/1GD/2GD,,,False,Read more
3065,1KD WATER PUMP ASSY,1kd-water-pump-assy,simple,https://www.topengine.ae/product/1kd-water-pump-assy/,16100-39485,False,0.0,0.0,0.0,False,True,0,0,1,https://www.topengine.ae/wp-content/uploads/2025/08/155-removebg-preview.png,817,TOYOTA 1KD/2KD/1GD/2GD,,,False,Read more
3064,1KD OIL FILTER,1kd-oil-filter,simple,https://www.topengine.ae/product/1kd-oil-filter/,90915-20003,False,0.0,0.0,0.0,False,True,0,0,1,https://www.topengine.ae/wp-content/uploads/2025/08/154-removebg-preview.png,817,TOYOTA 1KD/2KD/1GD/2GD,,,False,Read more
3063,1KD OIL COOLER ASSY,1kd-oil-cooler-assy,simple,https://www.topengine.ae/product/1kd-oil-cooler-assy/,15710-30010,False,0.0,0.0,0.0,False,True,0,0,1,https://www.topengine.ae/wp-content/uploads/2025/08/download-2025-09-02T162705.274.jpg,817,TOYOTA 1KD/2KD/1GD/2GD,,,False,Read more
3062,1KD OIL COOLER COVER SUB-ASSY,1kd-oil-cooler-cover-sub-assy,simple,https://www.topengine.ae/product/1kd-oil-cooler-cover-sub-assy/,15701-30080,False,0.0,0.0,0.0,False,True,0,0,1,https://www.topengine.ae/wp-content/uploads/2025/08/152-removebg-preview.png,817,TOYOTA 1KD/2KD/1GD/2GD,,,False,Read more
3061,1KD TIMING GEAR CASE ASSY,1kd-timing-gear-case-assy,simple,https://www.topengine.ae/product/1kd-timing-gear-case-assy/,11320-30070,False,0.0,0.0,0.0,False,True,0,0,1,https://www.topengine.ae/wp-content/uploads/2025/08/151-removebg-preview.png,817,TOYOTA 1KD/2KD/1GD/2GD,,,False,Read more
3060,1KD OIL STRAINER SUB ASSY,1kd-oil-strainer-sub-assy,simple,https://www.topengine.ae/product/1kd-oil-strainer-sub-assy/,15104-30050,False,0.0,0.0,0.0,False,True,0,0,1,https://www.topengine.ae/wp-content/uploads/2025/08/150-removebg-preview.png,817,TOYOTA 1KD/2KD/1GD/2GD,,,False,Read more
3059,1KD CAMSHAFT NO 2,1kd-camshaft-no-2,simple,https://www.topengine.ae/product/1kd-camshaft-no-2/,13502-30040,False,0.0,0.0,0.0,False,True,0,0,1,https://www.topengine.ae/wp-content/uploads/2025/08/149-removebg-preview.png,817,TOYOTA 1KD/2KD/1GD/2GD,,,False,Read more
3058,1KD CAMSHAFT,1kd-camshaft,simple,https://www.topengine.ae/product/1kd-camshaft/,13501-30050,False,0.0,0.0,0.0,False,True,0,0,1,https://www.topengine.ae/wp-content/uploads/2025/08/148-removebg-preview.png,817,TOYOTA 1KD/2KD/1GD/2GD,,,False,Read more
3057,1KD FLYWHEEL,1kd-flywheel,simple,https://www.topengine.ae/product/1kd-flywheel/,13405-30031,False,0.0,0.0,0.0,False,True,0,0,1,https://www.topengine.ae/wp-content/uploads/2025/08/147-removebg-preview.png,817,TOYOTA 1KD/2KD/1GD/2GD,,,False,Read more
3056,1KD BEARING CONNECTING ROD,1kd-bearing-connecting-rod,simple,https://www.topengine.ae/product/1kd-bearing-connecting-rod/,13205-30020,False,0.0,0.0,0.0,False,True,0,0,1,https://www.topengine.ae/wp-content/uploads/2025/08/146-removebg-preview.png,817,TOYOTA 1KD/2KD/1GD/2GD,,,False,Read more
3055,1KD CONNECTING ROD,1kd-connecting-rod,simple,https://www.topengine.ae/product/1kd-connecting-rod/,13201-30051,False,0.0,0.0,0.0,False,True,0,0,1,https://www.topengine.ae/wp-content/uploads/2025/08/145-removebg-preview.png,817,TOYOTA 1KD/2KD/1GD/2GD,,,False,Read more
3054,1KD RING SET PISTON,1kd-ring-set-piston,simple,https://www.topengine.ae/product/1kd-ring-set-piston/,13011-30051,False,0.0,0.0,0.0,False,True,0,0,1,https://www.topengine.ae/wp-content/uploads/2025/08/144-removebg-preview.png,817,TOYOTA 1KD/2KD/1GD/2GD,,,False,Read more
3053,1KD PISTON SUB-ASSY W/PIN,1kd-piston-sub-assy-w-pin,simple,https://www.topengine.ae/product/1kd-piston-sub-assy-w-pin/,13101-30090-01,False,0.0,0.0,0.0,False,True,0,0,1,https://www.topengine.ae/wp-content/uploads/2025/08/172-removebg-preview.png,817,TOYOTA 1KD/2KD/1GD/2GD,,,False,Read more
3052,1KD CRANKSHAFT,1kd-crankshaft,simple,https://www.topengine.ae/product/1kd-crankshaft/,13401-30050,False,0.0,0.0,0.0,False,True,0,0,1,https://www.topengine.ae/wp-content/uploads/2025/08/175-removebg-preview.png,817,TOYOTA 1KD/2KD/1GD/2GD,,,False,Read more
3051,"1KD INSULATOR, ENGINE MOUNTING,",1kd-insulator-engine-mounting-2,simple,https://www.topengine.ae/product/1kd-insulator-engine-mounting-2/,REAR 12371-0L080,False,0.0,0.0,0.0,False,True,0,0,1,https://www.topengine.ae/wp-content/uploads/2025/08/170-removebg-preview-e1755181003778.png,817,TOYOTA 1KD/2KD/1GD/2GD,,,False,Read more
3050,"1KD INSULATOR, ENGINE MOUNTING,",1kd-insulator-engine-mounting,simple,https://www.topengine.ae/product/1kd-insulator-engine-mounting/,FRON 12361-30080,False,0.0,0.0,0.0,False,True,0,0,1,https://www.topengine.ae/wp-content/uploads/2025/08/170-removebg-preview-e1755181003778.png,817,TOYOTA 1KD/2KD/1GD/2GD,,,False,Read more
3049,1KD BRACKET MOINTING FRONT LH,1kd-bracket-mointing-front-lh,simple,https://www.topengine.ae/product/1kd-bracket-mointing-front-lh/,12315-67011,False,0.0,0.0,0.0,False,True,0,0,1,https://www.topengine.ae/wp-content/uploads/2025/08/169-removebg-preview.png,817,TOYOTA 1KD/2KD/1GD/2GD,,,False,Read more
3048,1KD BRACKET MOINTING FRONT RH,1kd-bracket-mointing-front-rh,simple,https://www.topengine.ae/product/1kd-bracket-mointing-front-rh/,12311-67021,False,0.0,0.0,0.0,False,True,0,0,1,https://www.topengine.ae/wp-content/uploads/2025/08/168-removebg-preview.png,817,TOYOTA 1KD/2KD/1GD/2GD,,,False,Read more
3047,1KD GASKET CYLINDER HEAD,1kd-gasket-cylinder-head,simple,https://www.topengine.ae/product/1kd-gasket-cylinder-head/,11115-30031-A0,False,0.0,0.0,0.0,False,True,0,0,1,https://www.topengine.ae/wp-content/uploads/2025/08/167-removebg-preview.png,817,TOYOTA 1KD/2KD/1GD/2GD,,,False,Read more
3046,1KD COVER CYLINDER HEAD,1kd-cover-cylinder-head,simple,https://www.topengine.ae/product/1kd-cover-cylinder-head/,11210-30110,False,0.0,0.0,0.0,False,True,0,0,1,https://www.topengine.ae/wp-content/uploads/2025/08/166-removebg-preview.png,817,TOYOTA 1KD/2KD/1GD/2GD,,,False,Read more
3045,1KD CYLINDER HEAD,1kd-cylinder-head,simple,https://www.topengine.ae/product/1kd-cylinder-head/,11101-30080,False,0.0,0.0,0.0,False,True,0,0,1,https://www.topengine.ae/wp-content/uploads/2025/08/download-2.jpg,817,TOYOTA 1KD/2KD/1GD/2GD,,,False,Read more
3044,1KD ENGINE ASSY,1kd-engine-assy,simple,https://www.topengine.ae/product/1kd-engine-assy/,19000-30430,False,0.0,0.0,0.0,False,True,0,0,1,https://www.topengine.ae/wp-content/uploads/2025/08/download-2025-09-02T162621.713.jpg,817,TOYOTA 1KD/2KD/1GD/2GD,,,False,Read more
3043,1KDFTV,1kdftv,simple,https://www.topengine.ae/product/1kdftv/,HILUX 3000CC DIESAL,False,0.0,0.0,0.0,False,True,0,0,1,https://www.topengine.ae/wp-content/uploads/2025/08/163-removebg-preview.png,817,TOYOTA 1KD/2KD/1GD/2GD,,,False,Read more
3042,1HDT POWER PUMP,1hdt-power-pump,simple,https://www.topengine.ae/product/1hdt-power-pump/,44310-60350,False,0.0,0.0,0.0,False,True,0,0,1,https://www.topengine.ae/wp-content/uploads/2025/08/download-2025-09-02T163909.062.jpg,816,TOYOTA 1VD/1HZ/1HDT,,,False,Read more
3041,1HDT MANUAL TRANSMISSION,1hdt-manual-transmission,simple,https://www.topengine.ae/product/1hdt-manual-transmission/,33030-6A520,False,0.0,0.0,0.0,False,True,0,0,1,https://www.topengine.ae/wp-content/uploads/2025/08/download.jpeg,816,TOYOTA 1VD/1HZ/1HDT,,,False,Read more
3040,1HDT CLUTCH DISC,1hdt-clutch-disc,simple,https://www.topengine.ae/product/1hdt-clutch-disc/,31250-60343,False,0.0,0.0,0.0,False,True,0,0,1,https://www.topengine.ae/wp-content/uploads/2025/08/161-removebg-preview.png,816,TOYOTA 1VD/1HZ/1HDT,,,False,Read more
3039,1HDT CLUTCH COVER,1hdt-clutch-cover,simple,https://www.topengine.ae/product/1hdt-clutch-cover/,31210-60210,False,0.0,0.0,0.0,False,True,0,0,1,https://www.topengine.ae/wp-content/uploads/2025/08/160-removebg-preview.png,816,TOYOTA 1VD/1HZ/1HDT,,,False,Read more
3038,1HDT DIESAL PUMP,1hdt-diesal-pump,simple,https://www.topengine.ae/product/1hdt-diesal-pump/,22100-1C140,False,0.0,0.0,0.0,False,True,0,0,1,https://www.topengine.ae/wp-content/uploads/2025/08/download-2025-09-02T163653.295.jpg,816,TOYOTA 1VD/1HZ/1HDT,,,False,Read more
3037,1HDT HOLDER AND NOZZLE SET,1hdt-holder-and-nozzle-set,simple,https://www.topengine.ae/product/1hdt-holder-and-nozzle-set/,23600-17032,False,0.0,0.0,0.0,False,True,0,0,1,https://www.topengine.ae/wp-content/uploads/2025/08/158-removebg-preview.png,816,TOYOTA 1VD/1HZ/1HDT,,,False,Read more
3036,1HDT STARTER,1hdt-starter,simple,https://www.topengine.ae/product/1hdt-starter/,28100-17060,False,0.0,0.0,0.0,False,True,0,0,1,https://www.topengine.ae/wp-content/uploads/2025/08/157-removebg-preview.png,816,TOYOTA 1VD/1HZ/1HDT,,,False,Read more
3035,1HDT TURBO CHARGER,1hdt-turbo-charger,simple,https://www.topengine.ae/product/1hdt-turbo-charger/,17201-17010,False,0.0,0.0,0.0,False,True,0,0,1,https://www.topengine.ae/wp-content/uploads/2025/08/156-removebg-preview.png,816,TOYOTA 1VD/1HZ/1HDT,,,False,Read more
3034,1HDT FLUID COUPLING ASSY,1hdt-fluid-coupling-assy,simple,https://www.topengine.ae/product/1hdt-fluid-coupling-assy/,16210-17070,False,0.0,0.0,0.0,False,True,0,0,1,https://www.topengine.ae/wp-content/uploads/2025/08/183-removebg-preview.png,816,TOYOTA 1VD/1HZ/1HDT,,,False,Read more
3033,1HDT OIL COOLER ASSY,1hdt-oil-cooler-assy,simple,https://www.topengine.ae/product/1hdt-oil-cooler-assy/,15710-17011,False,0.0,0.0,0.0,False,True,0,0,1,https://www.topengine.ae/wp-content/uploads/2025/08/182-removebg-preview.png,816,TOYOTA 1VD/1HZ/1HDT,,,False,Read more
3032,1HDT OIL STRAINER SUB-ASSY,1hdt-oil-strainer-sub-assy,simple,https://www.topengine.ae/product/1hdt-oil-strainer-sub-assy/,15104-17070,False,0.0,0.0,0.0,False,True,0,0,1,https://www.topengine.ae/wp-content/uploads/2025/08/181-removebg-preview.png,816,TOYOTA 1VD/1HZ/1HDT,,,False,Read more
3031,1HDT CAMSHAFT,1hdt-camshaft,simple,https://www.topengine.ae/product/1hdt-camshaft/,13501-17020,False,0.0,0.0,0.0,False,True,0,0,1,https://www.topengine.ae/wp-content/uploads/2025/08/180-removebg-preview.png,816,TOYOTA 1VD/1HZ/1HDT,,,False,Read more
3030,1HDT FLYWHEEL,1hdt-flywheel,simple,https://www.topengine.ae/product/1hdt-flywheel/,13405-17020,False,0.0,0.0,0.0,False,True,0,0,1,https://www.topengine.ae/wp-content/uploads/2025/08/179-removebg-preview.png,816,TOYOTA 1VD/1HZ/1HDT,,,False,Read more
3029,1HDT BEARING CONNECTING ROD,1hdt-bearing-connecting-rod,simple,https://www.topengine.ae/product/1hdt-bearing-connecting-rod/,13205-17011,False,0.0,0.0,0.0,False,True,0,0,1,https://www.topengine.ae/wp-content/uploads/2025/08/178-removebg-preview-e1755181180171.png,816,TOYOTA 1VD/1HZ/1HDT,,,False,Read more
3028,1HDT CONNECTING ROD,1hdt-connecting-rod,simple,https://www.topengine.ae/product/1hdt-connecting-rod/,13201-17022,False,0.0,0.0,0.0,False,True,0,0,2,https://www.topengine.ae/wp-content/uploads/2025/08/177-removebg-preview.png,816,TOYOTA 1VD/1HZ/1HDT,,,False,Read more
3027,1HDT PISTON SUB-ASSY W/PIN,1hdt-piston-sub-assy-w-pin,simple,https://www.topengine.ae/product/1hdt-piston-sub-assy-w-pin/,13101-17051-01,False,0.0,0.0,0.0,False,True,0,0,1,https://www.topengine.ae/wp-content/uploads/2025/08/176-removebg-preview.png,816,TOYOTA 1VD/1HZ/1HDT,,,False,Read more
3026,1HDT CRANKSHAFT,1hdt-crankshaft,simple,https://www.topengine.ae/product/1hdt-crankshaft/,13411-17012,False,0.0,0.0,0.0,False,True,0,0,1,https://www.topengine.ae/wp-content/uploads/2025/08/175-removebg-preview.png,816,TOYOTA 1VD/1HZ/1HDT,,,False,Read more
3025,1HDT INSULATOR ENGINE MOUNTING REAR,1hdt-insulator-engine-mounting-rear,simple,https://www.topengine.ae/product/1hdt-insulator-engine-mounting-rear/,12371-17090,False,0.0,0.0,0.0,False,True,0,0,1,https://www.topengine.ae/wp-content/uploads/2025/08/170-removebg-preview-e1755181003778.png,816,TOYOTA 1VD/1HZ/1HDT,,,False,Read more
3024,1HDT INSULATOR ENGINE MOUNTING FRONT,1hdt-insulator-engine-mounting-front,simple,https://www.topengine.ae/product/1hdt-insulator-engine-mounting-front/,12361-17080,False,0.0,0.0,0.0,False,True,0,0,1,https://www.topengine.ae/wp-content/uploads/2025/08/1-removebg-preview-1.png,816,TOYOTA 1VD/1HZ/1HDT,,,False,Read more
3023,1HDT BRACKET,1hdt-bracket-2,simple,https://www.topengine.ae/product/1hdt-bracket-2/,ENGINE MOUNTING FRONT LH 12315-17011,False,0.0,0.0,0.0,False,True,0,0,1,https://www.topengine.ae/wp-content/uploads/2025/08/download-2025-09-02T163554.949.jpg,816,TOYOTA 1VD/1HZ/1HDT,,,False,Read more
3022,1HDT BRACKET,1hdt-bracket,simple,https://www.topengine.ae/product/1hdt-bracket/,ENGINE MOUNTING FRONT RH 12311-17060,False,0.0,0.0,0.0,False,True,0,0,1,https://www.topengine.ae/wp-content/uploads/2025/08/201-removebg-preview.png,816,TOYOTA 1VD/1HZ/1HDT,,,False,Read more
3021,1HDT CYLINDER HEAD,1hdt-cylinder-head,simple,https://www.topengine.ae/product/1hdt-cylinder-head/,11101-17020,False,0.0,0.0,0.0,False,True,0,0,1,https://www.topengine.ae/wp-content/uploads/2025/08/200-removebg-preview.png,816,TOYOTA 1VD/1HZ/1HDT,,,False,Read more
3020,1HDT ENGINE ASSY,1hdt-engine-assy,simple,https://www.topengine.ae/product/1hdt-engine-assy/,19000-17660,False,0.0,0.0,0.0,False,True,0,0,1,https://www.topengine.ae/wp-content/uploads/2025/08/download-2025-09-02T163740.608.jpg,816,TOYOTA 1VD/1HZ/1HDT,,,False,Read more
3019,1HZ POWER PUMP,1hz-power-pump,simple,https://www.topengine.ae/product/1hz-power-pump/,44320-60171,False,0.0,0.0,0.0,False,True,0,0,1,https://www.topengine.ae/wp-content/uploads/2025/08/197-removebg-preview.png,816,TOYOTA 1VD/1HZ/1HDT,,,False,Read more
3018,1HZ MANUAL TRANSMISSION,1hz-manual-transmission,simple,https://www.topengine.ae/product/1hz-manual-transmission/,33030-6A390,False,0.0,0.0,0.0,False,True,0,0,1,https://www.topengine.ae/wp-content/uploads/2025/08/196-removebg-preview.png,816,TOYOTA 1VD/1HZ/1HDT,,,False,Read more
3017,1HZ CLUTCH DISC,1hz-clutch-disc,simple,https://www.topengine.ae/product/1hz-clutch-disc/,31250-60282,False,0.0,0.0,0.0,False,True,0,0,1,https://www.topengine.ae/wp-content/uploads/2025/08/195-removebg-preview.png,816,TOYOTA 1VD/1HZ/1HDT,,,False,Read more
3016,1HZ CLUTCH COVER,1hz-clutch-cover,simple,https://www.topengine.ae/product/1hz-clutch-cover/,31210-36160,False,0.0,0.0,0.0,False,True,0,0,1,https://www.topengine.ae/wp-content/uploads/2025/08/194-removebg-preview.png,816,TOYOTA 1VD/1HZ/1HDT,,,False,Read more
3015,1HZ FUEL FILTER ELEMENT ASSY,1hz-fuel-filter-element-assy,simple,https://www.topengine.ae/product/1hz-fuel-filter-element-assy/,23390-64480,False,0.0,0.0,0.0,False,True,0,0,1,https://www.topengine.ae/wp-content/uploads/2025/08/193-removebg-preview.png,816,TOYOTA 1VD/1HZ/1HDT,,,False,Read more
3014,1HZ DIESAL PUMP,1hz-diesal-pump,simple,https://www.topengine.ae/product/1hz-diesal-pump/,22100-1C050,False,0.0,0.0,0.0,False,True,0,0,1,https://www.topengine.ae/wp-content/uploads/2025/08/192-removebg-preview.png,816,TOYOTA 1VD/1HZ/1HDT,,,False,Read more
3013,1HZ NOZZLE AND HOLDER SET,1hz-nozzle-and-holder-set,simple,https://www.topengine.ae/product/1hz-nozzle-and-holder-set/,23600-19075,False,0.0,0.0,0.0,False,True,0,0,1,https://www.topengine.ae/wp-content/uploads/2025/08/191-removebg-preview.png,816,TOYOTA 1VD/1HZ/1HDT,,,False,Read more
3012,1HZ VACUUM PUMP,1hz-vacuum-pump,simple,https://www.topengine.ae/product/1hz-vacuum-pump/,29300-17010,False,0.0,0.0,0.0,False,True,0,0,1,https://www.topengine.ae/wp-content/uploads/2025/08/190-removebg-preview.png,816,TOYOTA 1VD/1HZ/1HDT,,,False,Read more
3011,1HZ STARTER,1hz-starter,simple,https://www.topengine.ae/product/1hz-starter/,28100-17070,False,0.0,0.0,0.0,False,True,0,0,1,https://www.topengine.ae/wp-content/uploads/2025/08/189-removebg-preview.png,816,TOYOTA 1VD/1HZ/1HDT,,,False,Read more
3010,1HZ ALTERNATOR,1hz-alternator,simple,https://www.topengine.ae/product/1hz-alternator/,27060-17220,False,0.0,0.0,0.0,False,True,0,0,1,https://www.topengine.ae/wp-content/uploads/2025/08/188-removebg-preview.png,816,TOYOTA 1VD/1HZ/1HDT,,,False,Read more
3009,1HZ BELT V,1hz-belt-v,simple,https://www.topengine.ae/product/1hz-belt-v/,FOR ALTERNATOR AND FAN 90916-02452,False,0.0,0.0,0.0,False,True,0,0,1,https://www.topengine.ae/wp-content/uploads/2025/08/187-removebg-preview.png,816,TOYOTA 1VD/1HZ/1HDT,,,False,Read more
3008,1HZ FAN,1hz-fan,simple,https://www.topengine.ae/product/1hz-fan/,16361-17030,False,0.0,0.0,0.0,False,True,0,0,1,https://www.topengine.ae/wp-content/uploads/2025/08/186-removebg-preview.png,816,TOYOTA 1VD/1HZ/1HDT,,,False,Read more
3007,1HZ FLUID COUPLING ASSY,1hz-fluid-coupling-assy,simple,https://www.topengine.ae/product/1hz-fluid-coupling-assy/,16210-17050,False,0.0,0.0,0.0,False,True,0,0,1,https://www.topengine.ae/wp-content/uploads/2025/08/185-removebg-preview.png,816,TOYOTA 1VD/1HZ/1HDT,,,False,Read more
3006,1HZ WATER PUMP,1hz-water-pump,simple,https://www.topengine.ae/product/1hz-water-pump/,16100-19235,False,0.0,0.0,0.0,False,True,0,0,1,https://www.topengine.ae/wp-content/uploads/2025/08/184-removebg-preview.png,816,TOYOTA 1VD/1HZ/1HDT,,,False,Read more
3005,1HZ OIL COOLER ASSY,1hz-oil-cooler-assy,simple,https://www.topengine.ae/product/1hz-oil-cooler-assy/,15710-17010,False,0.0,0.0,0.0,False,True,0,0,1,https://www.topengine.ae/wp-content/uploads/2025/08/215-removebg-preview.png,816,TOYOTA 1VD/1HZ/1HDT,,,False,Read more
3004,1HZ OIL FILTER,1hz-oil-filter,simple,https://www.topengine.ae/product/1hz-oil-filter/,90915-30002,False,0.0,0.0,0.0,False,True,0,0,1,https://www.topengine.ae/wp-content/uploads/2025/08/214-removebg-preview.png,816,TOYOTA 1VD/1HZ/1HDT,,,False,Read more
3003,1HZ OIL STRAINER SUB-ASSY,1hz-oil-strainer-sub-assy,simple,https://www.topengine.ae/product/1hz-oil-strainer-sub-assy/,15104-17060,False,0.0,0.0,0.0,False,True,0,0,1,https://www.topengine.ae/wp-content/uploads/2025/08/213-removebg-preview.png,816,TOYOTA 1VD/1HZ/1HDT,,,False,Read more
3002,1HZ CAMSHAFT,1hz-camshaft,simple,https://www.topengine.ae/product/1hz-camshaft/,13501-17010,False,0.0,0.0,0.0,False,True,0,0,1,https://www.topengine.ae/wp-content/uploads/2025/08/212-removebg-preview.png,816,TOYOTA 1VD/1HZ/1HDT,,,False,Read more
3001,1HZ FLYWHEEL,1hz-flywheel,simple,https://www.topengine.ae/product/1hz-flywheel/,13405-17050,False,0.0,0.0,0.0,False,True,0,0,1,https://www.topengine.ae/wp-content/uploads/2025/08/211-removebg-preview.png,816,TOYOTA 1VD/1HZ/1HDT,,,False,Read more
3000,1HZ BEARING CONNECTING ROD,1hz-bearing-connecting-rod,simple,https://www.topengine.ae/product/1hz-bearing-connecting-rod/,13204-17011,False,0.0,0.0,0.0,False,True,0,0,1,https://www.topengine.ae/wp-content/uploads/2025/08/210-removebg-preview.png,816,TOYOTA 1VD/1HZ/1HDT,,,False,Read more
2999,1HZ CONNECTING ROD,1hz-connecting-rod,simple,https://www.topengine.ae/product/1hz-connecting-rod/,13201-17010,False,0.0,0.0,0.0,False,True,0,0,1,https://www.topengine.ae/wp-content/uploads/2025/08/209-removebg-preview.png,816,TOYOTA 1VD/1HZ/1HDT,,,False,Read more
2998,1HZ RING SET PISTON,1hz-ring-set-piston,simple,https://www.topengine.ae/product/1hz-ring-set-piston/,13011-17030,False,0.0,0.0,0.0,False,True,0,0,1,https://www.topengine.ae/wp-content/uploads/2025/08/208-removebg-preview.png,816,TOYOTA 1VD/1HZ/1HDT,,,False,Read more
2997,1HZ PISTON SUB ASSY W/PIN,1hz-piston-sub-assy-w-pin,simple,https://www.topengine.ae/product/1hz-piston-sub-assy-w-pin/,13101-17100-01,False,0.0,0.0,0.0,False,True,0,0,1,https://www.topengine.ae/wp-content/uploads/2025/08/207-removebg-preview.png,816,TOYOTA 1VD/1HZ/1HDT,,,False,Read more
2996,1HZ CRANKSHAFT,1hz-crankshaft,simple,https://www.topengine.ae/product/1hz-crankshaft/,13411-17011,False,0.0,0.0,0.0,False,True,0,0,1,https://www.topengine.ae/wp-content/uploads/2025/08/206-removebg-preview.png,816,TOYOTA 1VD/1HZ/1HDT,,,False,Read more
2995,1HZ INSULATOR ENGINE MOUNTING REAR,1hz-insulator-engine-mounting-rear,simple,https://www.topengine.ae/product/1hz-insulator-engine-mounting-rear/,12371-66060,False,0.0,0.0,0.0,False,True,0,0,1,https://www.topengine.ae/wp-content/uploads/2025/08/205-removebg-preview.png,816,TOYOTA 1VD/1HZ/1HDT,,,False,Read more
2994,1HZ INSULATOR ENGINE MOUNTING FRONT,1hz-insulator-engine-mounting-front,simple,https://www.topengine.ae/product/1hz-insulator-engine-mounting-front/,12361-17011,False,0.0,0.0,0.0,False,True,0,0,1,https://www.topengine.ae/wp-content/uploads/2025/08/204-removebg-preview.png,816,TOYOTA 1VD/1HZ/1HDT,,,False,Read more
2993,1HZ BRACKET ENGINE MOUNTING LH,1hz-bracket-engine-mounting-lh,simple,https://www.topengine.ae/product/1hz-bracket-engine-mounting-lh/,12315-17011,False,0.0,0.0,0.0,False,True,0,0,1,https://www.topengine.ae/wp-content/uploads/2025/08/203-removebg-preview.png,816,TOYOTA 1VD/1HZ/1HDT,,,False,Read more
2992,1HZ BRACKET ENGINE MOUNTING RH,1hz-bracket-engine-mounting-rh,simple,https://www.topengine.ae/product/1hz-bracket-engine-mounting-rh/,12311-17010,False,0.0,0.0,0.0,False,True,0,0,1,https://www.topengine.ae/wp-content/uploads/2025/08/232-removebg-preview.png,816,TOYOTA 1VD/1HZ/1HDT,,,False,Read more
2991,1HZ TIMING CHAIN SUB-ASSY,1hz-timing-chain-sub-assy,simple,https://www.topengine.ae/product/1hz-timing-chain-sub-assy/,11301-17030,False,0.0,0.0,0.0,False,True,0,0,1,https://www.topengine.ae/wp-content/uploads/2025/08/231-removebg-preview.png,816,TOYOTA 1VD/1HZ/1HDT,,,False,Read more
2990,1HZ GASKET CYLINDER HEAD,1hz-gasket-cylinder-head,simple,https://www.topengine.ae/product/1hz-gasket-cylinder-head/,11115-17010-01,False,0.0,0.0,0.0,False,True,0,0,1,https://www.topengine.ae/wp-content/uploads/2025/08/230-removebg-preview.png,816,TOYOTA 1VD/1HZ/1HDT,,,False,Read more
2989,1HZ COVER SUB-ASSY CYLINDER HEAD,1hz-cover-sub-assy-cylinder-head,simple,https://www.topengine.ae/product/1hz-cover-sub-assy-cylinder-head/,11201-17010,False,0.0,0.0,0.0,False,True,0,0,1,https://www.topengine.ae/wp-content/uploads/2025/08/229-removebg-preview.png,816,TOYOTA 1VD/1HZ/1HDT,,,False,Read more
2988,1HZ CYLINDER HEAD,1hz-cylinder-head,simple,https://www.topengine.ae/product/1hz-cylinder-head/,11101-17050,False,0.0,0.0,0.0,False,True,0,0,1,https://www.topengine.ae/wp-content/uploads/2025/08/228-removebg-preview.png,816,TOYOTA 1VD/1HZ/1HDT,,,False,Read more
2987,1HZ ENGINE ASSY,1hz-engine-assy,simple,https://www.topengine.ae/product/1hz-engine-assy/,19000-17670,False,0.0,0.0,0.0,False,True,0,0,1,https://www.topengine.ae/wp-content/uploads/2025/08/227-removebg-preview.png,816,TOYOTA 1VD/1HZ/1HDT,,,False,Read more
2986,1HZ LANDCRUISER 4200CC DIESAL 1990,1hz-landcruiser-4200cc-diesal-1990,simple,https://www.topengine.ae/product/1hz-landcruiser-4200cc-diesal-1990/,PRESENT,False,0.0,0.0,0.0,False,True,0,0,1,https://www.topengine.ae/wp-content/uploads/2025/08/226.jpg,816,TOYOTA 1VD/1HZ/1HDT,,,False,Read more
2985,1VD POWER PUMP,1vd-power-pump,simple,https://www.topengine.ae/product/1vd-power-pump/,44310-60500,False,0.0,0.0,0.0,False,True,0,0,1,https://www.topengine.ae/wp-content/uploads/2025/08/225-removebg-preview.png,816,TOYOTA 1VD/1HZ/1HDT,,,False,Read more
2984,1VD MANUAL TRANSMISSION,1vd-manual-transmission,simple,https://www.topengine.ae/product/1vd-manual-transmission/,33030-60B10,False,0.0,0.0,0.0,False,True,0,0,1,https://www.topengine.ae/wp-content/uploads/2025/08/224-removebg-preview.png,816,TOYOTA 1VD/1HZ/1HDT,,,False,Read more
2983,1VD CLUTCH DISC,1vd-clutch-disc,simple,https://www.topengine.ae/product/1vd-clutch-disc/,31250-60471,False,0.0,0.0,0.0,False,True,0,0,1,https://www.topengine.ae/wp-content/uploads/2025/08/223-removebg-preview.png,816,TOYOTA 1VD/1HZ/1HDT,,,False,Read more
2982,1VD CLUTCH COVER,1vd-clutch-cover,simple,https://www.topengine.ae/product/1vd-clutch-cover/,31210-60300,False,0.0,0.0,0.0,False,True,0,0,1,https://www.topengine.ae/wp-content/uploads/2025/08/222-removebg-preview.png,816,TOYOTA 1VD/1HZ/1HDT,,,False,Read more
2981,1VD DIESAL THROTTLE BODY ASSY,1vd-diesal-throttle-body-assy,simple,https://www.topengine.ae/product/1vd-diesal-throttle-body-assy/,26100-26010,False,0.0,0.0,0.0,False,True,0,0,1,https://www.topengine.ae/wp-content/uploads/2025/08/221-removebg-preview.png,816,TOYOTA 1VD/1HZ/1HDT,,,False,Read more
2980,1VD FUEL FILTER ELEMENT ASSY,1vd-fuel-filter-element-assy,simple,https://www.topengine.ae/product/1vd-fuel-filter-element-assy/,23390-51070,False,0.0,0.0,0.0,False,True,0,0,1,https://www.topengine.ae/wp-content/uploads/2025/08/220-removebg-preview.png,816,TOYOTA 1VD/1HZ/1HDT,,,False,Read more
2979,1VD DIESAL PUMP,1vd-diesal-pump,simple,https://www.topengine.ae/product/1vd-diesal-pump/,22100&#8211;51042,False,0.0,0.0,0.0,False,True,0,0,1,https://www.topengine.ae/wp-content/uploads/2025/08/219-removebg-preview.png,816,TOYOTA 1VD/1HZ/1HDT,,,False,Read more
2978,1VD INJECTOR,1vd-injector,simple,https://www.topengine.ae/product/1vd-injector/,23670-59037,False,0.0,0.0,0.0,False,True,0,0,1,https://www.topengine.ae/wp-content/uploads/2025/08/218-removebg-preview.png,816,TOYOTA 1VD/1HZ/1HDT,,,False,Read more
2977,1VD VACUUM PUMP,1vd-vacuum-pump,simple,https://www.topengine.ae/product/1vd-vacuum-pump/,29300-0W052,False,0.0,0.0,0.0,False,True,0,0,1,https://www.topengine.ae/wp-content/uploads/2025/08/217-removebg-preview.png,816,TOYOTA 1VD/1HZ/1HDT,,,False,Read more
2976,1VD STARTER,1vd-starter,simple,https://www.topengine.ae/product/1vd-starter/,28100-51071,False,0.0,0.0,0.0,False,True,0,0,1,https://www.topengine.ae/wp-content/uploads/2025/08/216-removebg-preview.png,816,TOYOTA 1VD/1HZ/1HDT,,,False,Read more
2975,1VD ALTERNATOR,1vd-alternator,simple,https://www.topengine.ae/product/1vd-alternator/,27060-51010,False,0.0,0.0,0.0,False,True,0,0,1,https://www.topengine.ae/wp-content/uploads/2025/08/246-removebg-preview.png,816,TOYOTA 1VD/1HZ/1HDT,,,False,Read more
2974,1VD TURBO CHARGER NO 2,1vd-turbo-charger-no-2,simple,https://www.topengine.ae/product/1vd-turbo-charger-no-2/,17208-51011,False,0.0,0.0,0.0,False,True,0,0,1,https://www.topengine.ae/wp-content/uploads/2025/08/245-removebg-preview.png,816,TOYOTA 1VD/1HZ/1HDT,,,False,Read more
2973,1VD TURBO CHARGER,1vd-turbo-charger,simple,https://www.topengine.ae/product/1vd-turbo-charger/,17201-51021,False,0.0,0.0,0.0,False,True,0,0,1,https://www.topengine.ae/wp-content/uploads/2025/08/244-removebg-preview.png,816,TOYOTA 1VD/1HZ/1HDT,,,False,Read more
2972,1VD BELT V,1vd-belt-v,simple,https://www.topengine.ae/product/1vd-belt-v/,FOR ALTERNATOR AND FAN 99369-K2250,False,0.0,0.0,0.0,False,True,0,0,1,https://www.topengine.ae/wp-content/uploads/2025/08/243-removebg-preview.png,816,TOYOTA 1VD/1HZ/1HDT,,,False,Read more
2971,1VD FAN,1vd-fan,simple,https://www.topengine.ae/product/1vd-fan/,16361-50110,False,0.0,0.0,0.0,False,True,0,0,1,https://www.topengine.ae/wp-content/uploads/2025/08/242-removebg-preview.png,816,TOYOTA 1VD/1HZ/1HDT,,,False,Read more
2970,1VD FLUID COUPLING ASSY,1vd-fluid-coupling-assy,simple,https://www.topengine.ae/product/1vd-fluid-coupling-assy/,16210-51020,False,0.0,0.0,0.0,False,True,0,0,1,https://www.topengine.ae/wp-content/uploads/2025/08/241-removebg-preview.png,816,TOYOTA 1VD/1HZ/1HDT,,,False,Read more
2969,1VD WATER PUMP,1vd-water-pump,simple,https://www.topengine.ae/product/1vd-water-pump/,16100-59365,False,0.0,0.0,0.0,False,True,0,0,1,https://www.topengine.ae/wp-content/uploads/2025/08/240-removebg-preview.png,816,TOYOTA 1VD/1HZ/1HDT,,,False,Read more
2968,1VD OIL COOLER ASSY,1vd-oil-cooler-assy,simple,https://www.topengine.ae/product/1vd-oil-cooler-assy/,15710-51020,False,0.0,0.0,0.0,False,True,0,0,1,https://www.topengine.ae/wp-content/uploads/2025/08/239-removebg-preview.png,816,TOYOTA 1VD/1HZ/1HDT,,,False,Read more
2967,1VD OIL FILTER,1vd-oil-filter,simple,https://www.topengine.ae/product/1vd-oil-filter/,04152-38020,False,0.0,0.0,0.0,False,True,0,0,1,https://www.topengine.ae/wp-content/uploads/2025/08/238-removebg-preview.png,816,TOYOTA 1VD/1HZ/1HDT,,,False,Read more
2966,1VD OIL STRAINER SUB-ASSY,1vd-oil-strainer-sub-assy,simple,https://www.topengine.ae/product/1vd-oil-strainer-sub-assy/,15104-51030,False,0.0,0.0,0.0,False,True,0,0,1,https://www.topengine.ae/wp-content/uploads/2025/08/237.-removebg-preview.png,816,TOYOTA 1VD/1HZ/1HDT,,,False,Read more
2965,1VD OIL PUMP,1vd-oil-pump,simple,https://www.topengine.ae/product/1vd-oil-pump/,15100-51020,False,0.0,0.0,0.0,False,True,0,0,1,https://www.topengine.ae/wp-content/uploads/2025/08/236-removebg-preview.png,816,TOYOTA 1VD/1HZ/1HDT,,,False,Read more
2964,1VD CAMSHAFT NO 4,1vd-camshaft-no-4,simple,https://www.topengine.ae/product/1vd-camshaft-no-4/,13054-51010,False,0.0,0.0,0.0,False,True,0,0,1,https://www.topengine.ae/wp-content/uploads/2025/08/235-removebg-preview.png,816,TOYOTA 1VD/1HZ/1HDT,,,False,Read more
2963,1VD CAMSHAFT NO 3,1vd-camshaft-no-3,simple,https://www.topengine.ae/product/1vd-camshaft-no-3/,13053-51010,False,0.0,0.0,0.0,False,True,0,0,1,https://www.topengine.ae/wp-content/uploads/2025/08/234-removebg-preview.png,816,TOYOTA 1VD/1HZ/1HDT,,,False,Read more
2962,1VD CAMSHAFT NO 2,1vd-camshaft-no-2,simple,https://www.topengine.ae/product/1vd-camshaft-no-2/,13502-51010,False,0.0,0.0,0.0,False,True,0,0,1,https://www.topengine.ae/wp-content/uploads/2025/08/233-removebg-preview.png,816,TOYOTA 1VD/1HZ/1HDT,,,False,Read more
2961,1VD CAMSHAFT,1vd-camshaft,simple,https://www.topengine.ae/product/1vd-camshaft/,13501-51010,False,0.0,0.0,0.0,False,True,0,0,1,https://www.topengine.ae/wp-content/uploads/2025/08/262-removebg-preview.png,816,TOYOTA 1VD/1HZ/1HDT,,,False,Read more
2960,1VD FLYWHEEL,1vd-flywheel,simple,https://www.topengine.ae/product/1vd-flywheel/,13405-51020,False,0.0,0.0,0.0,False,True,0,0,1,https://www.topengine.ae/wp-content/uploads/2025/08/261-removebg-preview.png,816,TOYOTA 1VD/1HZ/1HDT,,,False,Read more
2959,1VD BEARING CONNECTING ROD,1vd-bearing-connecting-rod,simple,https://www.topengine.ae/product/1vd-bearing-connecting-rod/,13204-51020,False,0.0,0.0,0.0,False,True,0,0,1,https://www.topengine.ae/wp-content/uploads/2025/08/260-removebg-preview.png,816,TOYOTA 1VD/1HZ/1HDT,,,False,Read more
2958,1VD CONNECTING ROD,1vd-connecting-rod,simple,https://www.topengine.ae/product/1vd-connecting-rod/,13201-51021-A0,False,0.0,0.0,0.0,False,True,0,0,1,https://www.topengine.ae/wp-content/uploads/2025/08/259-removebg-preview.png,816,TOYOTA 1VD/1HZ/1HDT,,,False,Read more
2957,RING,ring,simple,https://www.topengine.ae/product/ring/,SET PISTON 13011-51040,False,0.0,0.0,0.0,False,True,0,0,2,https://www.topengine.ae/wp-content/uploads/2025/08/258-removebg-preview.png,816,TOYOTA 1VD/1HZ/1HDT,,,False,Read more
2956,1VD PISTON SUB-ASSY W/PIN,1vd-piston-sub-assy-w-pin-2,simple,https://www.topengine.ae/product/1vd-piston-sub-assy-w-pin-2/,LH 13301-0W011-A0,False,0.0,0.0,0.0,False,True,0,0,1,https://www.topengine.ae/wp-content/uploads/2025/08/257-removebg-preview.png,816,TOYOTA 1VD/1HZ/1HDT,,,False,Read more
2955,1VD PISTON SUB-ASSY W/PIN,1vd-piston-sub-assy-w-pin,simple,https://www.topengine.ae/product/1vd-piston-sub-assy-w-pin/,RH 13101-0W021-A0,False,0.0,0.0,0.0,False,True,0,0,1,https://www.topengine.ae/wp-content/uploads/2025/08/256-removebg-preview.png,816,TOYOTA 1VD/1HZ/1HDT,,,False,Read more
2954,1VD CRANKSHAFT,1vd-crankshaft,simple,https://www.topengine.ae/product/1vd-crankshaft/,13401-51010,False,0.0,0.0,0.0,False,True,0,0,1,https://www.topengine.ae/wp-content/uploads/2025/08/255-removebg-preview.png,816,TOYOTA 1VD/1HZ/1HDT,,,False,Read more
2953,1VD INSULATOR ENGINE MOUNTING REAR,1vd-insulator-engine-mounting-rear,simple,https://www.topengine.ae/product/1vd-insulator-engine-mounting-rear/,12371-51060,False,0.0,0.0,0.0,False,True,0,0,1,https://www.topengine.ae/wp-content/uploads/2025/08/254-removebg-preview.png,816,TOYOTA 1VD/1HZ/1HDT,,,False,Read more
2952,1VD INSULATOR,1vd-insulator,simple,https://www.topengine.ae/product/1vd-insulator/,ENGINE MOUNTING FRONT LH 12362-51010,False,0.0,0.0,0.0,False,True,0,0,1,https://www.topengine.ae/wp-content/uploads/2025/08/253-removebg-preview.png,816,TOYOTA 1VD/1HZ/1HDT,,,False,Read more
2951,1VD INSULATOR ENGINE MOUNTING FRONT,1vd-insulator-engine-mounting-front,simple,https://www.topengine.ae/product/1vd-insulator-engine-mounting-front/,12361-51030,False,0.0,0.0,0.0,False,True,0,0,1,https://www.topengine.ae/wp-content/uploads/2025/08/252-removebg-preview.png,816,TOYOTA 1VD/1HZ/1HDT,,,False,Read more
2950,1VD BRACKET ENGINE MOUNTING LH,1vd-bracket-engine-mounting-lh,simple,https://www.topengine.ae/product/1vd-bracket-engine-mounting-lh/,12325-51020,False,0.0,0.0,0.0,False,True,0,0,1,https://www.topengine.ae/wp-content/uploads/2025/08/251-removebg-preview.png,816,TOYOTA 1VD/1HZ/1HDT,,,False,Read more
2949,1VD BRACKET ENGINE MOUNTING RH,1vd-bracket-engine-mounting-rh,simple,https://www.topengine.ae/product/1vd-bracket-engine-mounting-rh/,12315-51030,False,0.0,0.0,0.0,False,True,0,0,1,https://www.topengine.ae/wp-content/uploads/2025/08/250-removebg-preview.png,816,TOYOTA 1VD/1HZ/1HDT,,,False,Read more
2948,1VD TENSIONER ASSY V,1vd-tensioner-assy-v,simple,https://www.topengine.ae/product/1vd-tensioner-assy-v/,BELT 16620-51011,False,0.0,0.0,0.0,False,True,0,0,1,https://www.topengine.ae/wp-content/uploads/2025/08/249.png,816,TOYOTA 1VD/1HZ/1HDT,,,False,Read more
2947,1VD TIMING CHAIN COVER ASSY,1vd-timing-chain-cover-assy,simple,https://www.topengine.ae/product/1vd-timing-chain-cover-assy/,11310-51012,False,0.0,0.0,0.0,False,True,0,0,1,https://www.topengine.ae/wp-content/uploads/2025/08/248-removebg-preview.png,816,TOYOTA 1VD/1HZ/1HDT,,,False,Read more
2946,1VD COVER,1vd-cover,simple,https://www.topengine.ae/product/1vd-cover/,SUB-ASSY CYLINDER HEAD LH 11202-51010,False,0.0,0.0,0.0,False,True,0,0,1,https://www.topengine.ae/wp-content/uploads/2025/08/247-removebg-preview.png,816,TOYOTA 1VD/1HZ/1HDT,,,False,Read more
2945,1VD COVER SUB-ASSY CYLINDER HEAD,1vd-cover-sub-assy-cylinder-head,simple,https://www.topengine.ae/product/1vd-cover-sub-assy-cylinder-head/,11201-51040,False,0.0,0.0,0.0,False,True,0,0,1,https://www.topengine.ae/wp-content/uploads/2025/08/277-removebg-preview.png,816,TOYOTA 1VD/1HZ/1HDT,,,False,Read more
2944,1VD GASKET CYLINDER HEAD NO 2,1vd-gasket-cylinder-head-no-2,simple,https://www.topengine.ae/product/1vd-gasket-cylinder-head-no-2/,11116-51030-A0,False,0.0,0.0,0.0,False,True,0,0,1,https://www.topengine.ae/wp-content/uploads/2025/08/276-removebg-preview.png,816,TOYOTA 1VD/1HZ/1HDT,,,False,Read more
2943,1VD GASKET CYLINDER HEAD,1vd-gasket-cylinder-head,simple,https://www.topengine.ae/product/1vd-gasket-cylinder-head/,11115-51030-A0,False,0.0,0.0,0.0,False,True,0,0,1,https://www.topengine.ae/wp-content/uploads/2025/08/275-removebg-preview.png,816,TOYOTA 1VD/1HZ/1HDT,,,False,Read more
2942,1VD CYLINDER HEAD LH,1vd-cylinder-head-lh,simple,https://www.topengine.ae/product/1vd-cylinder-head-lh/,11102-51012,False,0.0,0.0,0.0,False,True,0,0,1,https://www.topengine.ae/wp-content/uploads/2025/08/274-removebg-preview.png,816,TOYOTA 1VD/1HZ/1HDT,,,False,Read more
2941,1VD CYLINDER HEAD,1vd-cylinder-head,simple,https://www.topengine.ae/product/1vd-cylinder-head/,11101-51022,False,0.0,0.0,0.0,False,True,0,0,1,https://www.topengine.ae/wp-content/uploads/2025/08/273-removebg-preview.png,816,TOYOTA 1VD/1HZ/1HDT,,,False,Read more
2940,1VD ENGINE ASSY,1vd-engine-assy,simple,https://www.topengine.ae/product/1vd-engine-assy/,19000-51041,False,0.0,0.0,0.0,False,True,0,0,1,https://www.topengine.ae/wp-content/uploads/2025/08/272-removebg-preview.png,816,TOYOTA 1VD/1HZ/1HDT,,,False,Read more
2939,1VDFTV LANDCRUISER,1vdftv-landcruiser,simple,https://www.topengine.ae/product/1vdftv-landcruiser/,V8 4500CC DIESAL 2007 PRESENT,False,0.0,0.0,0.0,False,True,0,0,1,https://www.topengine.ae/wp-content/uploads/2025/08/271-removebg-preview.png,816,TOYOTA 1VD/1HZ/1HDT,,,False,Read more
2938,4N15 COVER AND DISC CLUTCH,4n15-cover-and-disc-clutch,simple,https://www.topengine.ae/product/4n15-cover-and-disc-clutch/,2300A060,False,0.0,0.0,0.0,False,True,0,0,2,https://www.topengine.ae/wp-content/uploads/2025/08/270-removebg-preview.png,815,MITSUBISHI 4D56/4N15,,,False,Read more
2937,4N15 AUTOMATIC TRANSMISSION,4n15-automatic-transmission,simple,https://www.topengine.ae/product/4n15-automatic-transmission/,2700A391,False,0.0,0.0,0.0,False,True,0,0,1,https://www.topengine.ae/wp-content/uploads/2025/08/269-removebg-preview.png,815,MITSUBISHI 4D56/4N15,,,False,Read more
2936,4N15 DIESAL PUMP,4n15-diesal-pump,simple,https://www.topengine.ae/product/4n15-diesal-pump/,1460A096,False,0.0,0.0,0.0,False,True,0,0,1,https://www.topengine.ae/wp-content/uploads/2025/08/268-removebg-preview.png,815,MITSUBISHI 4D56/4N15,,,False,Read more
2935,4N15 VACUUM PUMP,4n15-vacuum-pump,simple,https://www.topengine.ae/product/4n15-vacuum-pump/,2020A031,False,0.0,0.0,0.0,False,True,0,0,1,https://www.topengine.ae/wp-content/uploads/2025/08/267-removebg-preview.png,815,MITSUBISHI 4D56/4N15,,,False,Read more
2934,4N15 ENGINE CONTROL UNIT,4n15-engine-control-unit,simple,https://www.topengine.ae/product/4n15-engine-control-unit/,1860C371,False,0.0,0.0,0.0,False,True,0,0,1,https://www.topengine.ae/wp-content/uploads/2025/08/266-removebg-preview.png,815,MITSUBISHI 4D56/4N15,,,False,Read more
2933,4N15 WATER PUMP,4n15-water-pump,simple,https://www.topengine.ae/product/4n15-water-pump/,1300A140,False,0.0,0.0,0.0,False,True,0,0,1,https://www.topengine.ae/wp-content/uploads/2025/08/265-removebg-preview.png,815,MITSUBISHI 4D56/4N15,,,False,Read more
2932,4N15 COVER SUB-ASSY CYLINDER HEAD,4n15-cover-sub-assy-cylinder-head,simple,https://www.topengine.ae/product/4n15-cover-sub-assy-cylinder-head/,1035B313,False,0.0,0.0,0.0,False,True,0,0,1,https://www.topengine.ae/wp-content/uploads/2025/08/264-removebg-preview.png,815,MITSUBISHI 4D56/4N15,,,False,Read more
2931,4N15 POWER PUMP,4n15-power-pump,simple,https://www.topengine.ae/product/4n15-power-pump/,4450A238,False,0.0,0.0,0.0,False,True,0,0,1,https://www.topengine.ae/wp-content/uploads/2025/08/263-removebg-preview.png,815,MITSUBISHI 4D56/4N15,,,False,Read more
2930,4N15 FLYWHEEL,4n15-flywheel,simple,https://www.topengine.ae/product/4n15-flywheel/,1120A295,False,0.0,0.0,0.0,False,True,0,0,1,https://www.topengine.ae/wp-content/uploads/2025/08/290-removebg-preview.png,815,MITSUBISHI 4D56/4N15,,,False,Read more
2929,4N15 CONNECTING ROD,4n15-connecting-rod,simple,https://www.topengine.ae/product/4n15-connecting-rod/,1115A577,False,0.0,0.0,0.0,False,True,0,0,1,https://www.topengine.ae/wp-content/uploads/2025/08/289-removebg-preview.png,815,MITSUBISHI 4D56/4N15,,,False,Read more
2928,4N15 RING SET PISTON,4n15-ring-set-piston,simple,https://www.topengine.ae/product/4n15-ring-set-piston/,1110C712,False,0.0,0.0,0.0,False,True,0,0,1,https://www.topengine.ae/wp-content/uploads/2025/08/288-removebg-preview.png,815,MITSUBISHI 4D56/4N15,,,False,Read more
2927,4N15 PISTON,4n15-piston,simple,https://www.topengine.ae/product/4n15-piston/,1110D114,False,0.0,0.0,0.0,False,True,0,0,1,https://www.topengine.ae/wp-content/uploads/2025/08/287-removebg-preview.png,815,MITSUBISHI 4D56/4N15,,,False,Read more
2926,4N15 CRANKSHAFT,4n15-crankshaft,simple,https://www.topengine.ae/product/4n15-crankshaft/,1100A261,False,0.0,0.0,0.0,False,True,0,0,1,https://www.topengine.ae/wp-content/uploads/2025/08/286-removebg-preview.png,815,MITSUBISHI 4D56/4N15,,,False,Read more
2925,4N15 INSULATOR ENGINE MOUNTING LH,4n15-insulator-engine-mounting-lh,simple,https://www.topengine.ae/product/4n15-insulator-engine-mounting-lh/,1093A165,False,0.0,0.0,0.0,False,True,0,0,1,https://www.topengine.ae/wp-content/uploads/2025/08/285-removebg-preview.png,815,MITSUBISHI 4D56/4N15,,,False,Read more
2924,4N15 INSULATOR ENGINE MOUNTING,4n15-insulator-engine-mounting,simple,https://www.topengine.ae/product/4n15-insulator-engine-mounting/,2910A211,False,0.0,0.0,0.0,False,True,0,0,1,https://www.topengine.ae/wp-content/uploads/2025/08/284-removebg-preview.png,815,MITSUBISHI 4D56/4N15,,,False,Read more
2923,4N15 GASKET CYLINDER HEAD,4n15-gasket-cylinder-head,simple,https://www.topengine.ae/product/4n15-gasket-cylinder-head/,1005C722,False,0.0,0.0,0.0,False,True,0,0,1,https://www.topengine.ae/wp-content/uploads/2025/08/283-removebg-preview.png,815,MITSUBISHI 4D56/4N15,,,False,Read more
2922,4N15 CYLINDER HEAD,4n15-cylinder-head,simple,https://www.topengine.ae/product/4n15-cylinder-head/,1005C644,False,0.0,0.0,0.0,False,True,0,0,1,https://www.topengine.ae/wp-content/uploads/2025/08/282-removebg-preview.png,815,MITSUBISHI 4D56/4N15,,,False,Read more
2921,4N15 CAMSHAFT EXHAUST,4n15-camshaft-exhaust,simple,https://www.topengine.ae/product/4n15-camshaft-exhaust/,1015B887,False,0.0,0.0,0.0,False,True,0,0,1,https://www.topengine.ae/wp-content/uploads/2025/08/281-removebg-preview.png,815,MITSUBISHI 4D56/4N15,,,False,Read more
2920,4N15 CAMSHAFT INLET,4n15-camshaft-inlet,simple,https://www.topengine.ae/product/4n15-camshaft-inlet/,1015B697,False,0.0,0.0,0.0,False,True,0,0,1,https://www.topengine.ae/wp-content/uploads/2025/08/280-removebg-preview.png,815,MITSUBISHI 4D56/4N15,,,False,Read more
2919,4N15 ALTERNATOR,4n15-alternator,simple,https://www.topengine.ae/product/4n15-alternator/,1800A410,False,0.0,0.0,0.0,False,True,0,0,1,https://www.topengine.ae/wp-content/uploads/2025/08/279-removebg-preview.png,815,MITSUBISHI 4D56/4N15,,,False,Read more
2918,4N15 STARTER,4n15-starter,simple,https://www.topengine.ae/product/4n15-starter/,1810A332,False,0.0,0.0,0.0,False,True,0,0,1,https://www.topengine.ae/wp-content/uploads/2025/08/278-removebg-preview.png,815,MITSUBISHI 4D56/4N15,,,False,Read more
2917,4N15 OIL PUMP,4n15-oil-pump,simple,https://www.topengine.ae/product/4n15-oil-pump/,1060A217,False,0.0,0.0,0.0,False,True,0,0,1,https://www.topengine.ae/wp-content/uploads/2025/08/309-removebg-preview.png,815,MITSUBISHI 4D56/4N15,,,False,Read more
2916,4N15 TURBO CHARGER,4n15-turbo-charger,simple,https://www.topengine.ae/product/4n15-turbo-charger/,1515A295,False,0.0,0.0,0.0,False,True,0,0,1,https://www.topengine.ae/wp-content/uploads/2025/08/308-removebg-preview.png,815,MITSUBISHI 4D56/4N15,,,False,Read more
2915,4N15 INJECTOR,4n15-injector,simple,https://www.topengine.ae/product/4n15-injector/,1465A439,False,0.0,0.0,0.0,False,True,0,0,1,https://www.topengine.ae/wp-content/uploads/2025/08/307-removebg-preview.png,815,MITSUBISHI 4D56/4N15,,,False,Read more
2914,4N15 ENGINE ASSY,4n15-engine-assy,simple,https://www.topengine.ae/product/4n15-engine-assy/,1000D039,False,0.0,0.0,0.0,False,True,0,0,1,https://www.topengine.ae/wp-content/uploads/2025/08/306-removebg-preview.png,815,MITSUBISHI 4D56/4N15,,,False,Read more
2913,4N15 MITSUBISHI 2400CC,4n15-mitsubishi-2400cc,simple,https://www.topengine.ae/product/4n15-mitsubishi-2400cc/,DIESAL,False,0.0,0.0,0.0,False,True,0,0,1,https://www.topengine.ae/wp-content/uploads/2025/08/305-removebg-preview.png,815,MITSUBISHI 4D56/4N15,,,False,Read more
2912,4D56 ENGINE CONTROL UNIT,4d56-engine-control-unit,simple,https://www.topengine.ae/product/4d56-engine-control-unit/,1860C440,False,0.0,0.0,0.0,False,True,0,0,1,https://www.topengine.ae/wp-content/uploads/2025/08/304-removebg-preview.png,815,MITSUBISHI 4D56/4N15,,,False,Read more
2911,4D56 MANUAL TRANSMISSION,4d56-manual-transmission,simple,https://www.topengine.ae/product/4d56-manual-transmission/,MR980842,False,0.0,0.0,0.0,False,True,0,0,1,https://www.topengine.ae/wp-content/uploads/2025/08/303-removebg-preview.png,815,MITSUBISHI 4D56/4N15,,,False,Read more
2910,4D56 STARTER,4d56-starter,simple,https://www.topengine.ae/product/4d56-starter/,1810A053,False,0.0,0.0,0.0,False,True,0,0,1,https://www.topengine.ae/wp-content/uploads/2025/08/302-removebg-preview-1.png,815,MITSUBISHI 4D56/4N15,,,False,Read more
2909,4D56 CLUTCH DISC,4d56-clutch-disc,simple,https://www.topengine.ae/product/4d56-clutch-disc/,2301A062,False,0.0,0.0,0.0,False,True,0,0,1,https://www.topengine.ae/wp-content/uploads/2025/08/301-removebg-preview.png,815,MITSUBISHI 4D56/4N15,,,False,Read more
2908,4D56 CLUTCH COVER,4d56-clutch-cover,simple,https://www.topengine.ae/product/4d56-clutch-cover/,MN171120,False,0.0,0.0,0.0,False,True,0,0,1,https://www.topengine.ae/wp-content/uploads/2025/08/300-removebg-preview.png,815,MITSUBISHI 4D56/4N15,,,False,Read more
2907,4D56 VACUUM PUMP,4d56-vacuum-pump,simple,https://www.topengine.ae/product/4d56-vacuum-pump/,2020A002,False,0.0,0.0,0.0,False,True,0,0,1,https://www.topengine.ae/wp-content/uploads/2025/08/299-removebg-preview.png,815,MITSUBISHI 4D56/4N15,,,False,Read more
2906,4D56 ALTERNATOR,4d56-alternator,simple,https://www.topengine.ae/product/4d56-alternator/,1800A387,False,0.0,0.0,0.0,False,True,0,0,1,https://www.topengine.ae/wp-content/uploads/2025/08/298-removebg-preview.png,815,MITSUBISHI 4D56/4N15,,,False,Read more
2905,4D56 OIL COOLER ASSY,4d56-oil-cooler-assy,simple,https://www.topengine.ae/product/4d56-oil-cooler-assy/,1240A008,False,0.0,0.0,0.0,False,True,0,0,1,https://www.topengine.ae/wp-content/uploads/2025/08/297-removebg-preview.png,815,MITSUBISHI 4D56/4N15,,,False,Read more
2904,4D56 COVER SUB-ASSY CYLINDER HEAD,4d56-cover-sub-assy-cylinder-head,simple,https://www.topengine.ae/product/4d56-cover-sub-assy-cylinder-head/,1035B294,False,0.0,0.0,0.0,False,True,0,0,1,https://www.topengine.ae/wp-content/uploads/2025/08/296-removebg-preview.png,815,MITSUBISHI 4D56/4N15,,,False,Read more
2903,4D56 POWER PUMP,4d56-power-pump,simple,https://www.topengine.ae/product/4d56-power-pump/,4450A297,False,0.0,0.0,0.0,False,True,0,0,1,https://www.topengine.ae/wp-content/uploads/2025/08/295-removebg-preview.png,815,MITSUBISHI 4D56/4N15,,,False,Read more
2902,4D56 BEARING CONNECTING ROD,4d56-bearing-connecting-rod,simple,https://www.topengine.ae/product/4d56-bearing-connecting-rod/,1115A117,False,0.0,0.0,0.0,False,True,0,0,1,https://www.topengine.ae/wp-content/uploads/2025/08/294-removebg-preview.png,815,MITSUBISHI 4D56/4N15,,,False,Read more
2901,4D56 FLYWHEEL,4d56-flywheel,simple,https://www.topengine.ae/product/4d56-flywheel/,1120A075,False,0.0,0.0,0.0,False,True,0,0,1,https://www.topengine.ae/wp-content/uploads/2025/08/293-removebg-preview.png,815,MITSUBISHI 4D56/4N15,,,False,Read more
2900,4D56 RING SET PISTON,4d56-ring-set-piston,simple,https://www.topengine.ae/product/4d56-ring-set-piston/,1110B977,False,0.0,0.0,0.0,False,True,0,0,1,https://www.topengine.ae/wp-content/uploads/2025/08/292-removebg-preview.png,815,MITSUBISHI 4D56/4N15,,,False,Read more
2899,4D56 AC COMPRESSOR,4d56-ac-compressor,simple,https://www.topengine.ae/product/4d56-ac-compressor/,7813A768,False,0.0,0.0,0.0,False,True,0,0,1,https://www.topengine.ae/wp-content/uploads/2025/08/291-removebg-preview.png,815,MITSUBISHI 4D56/4N15,,,False,Read more
2898,4D56 OIL FILTER,4d56-oil-filter,simple,https://www.topengine.ae/product/4d56-oil-filter/,1230A186,False,0.0,0.0,0.0,False,True,0,0,1,https://www.topengine.ae/wp-content/uploads/2025/08/321-removebg-preview.png,815,MITSUBISHI 4D56/4N15,,,False,Read more
2897,4D56 INSULATOR MOUNTING RH,4d56-insulator-mounting-rh,simple,https://www.topengine.ae/product/4d56-insulator-mounting-rh/,1093A148,False,0.0,0.0,0.0,False,True,0,0,1,https://www.topengine.ae/wp-content/uploads/2025/08/320-removebg-preview.png,815,MITSUBISHI 4D56/4N15,,,False,Read more
2896,4D56 INSULATOR MOUNTING LH,4d56-insulator-mounting-lh,simple,https://www.topengine.ae/product/4d56-insulator-mounting-lh/,1093A184,False,0.0,0.0,0.0,False,True,0,0,1,https://www.topengine.ae/wp-content/uploads/2025/08/319-removebg-preview.png,815,MITSUBISHI 4D56/4N15,,,False,Read more
2895,4D56 BRACKET ENGINE MOUNTING,4d56-bracket-engine-mounting,simple,https://www.topengine.ae/product/4d56-bracket-engine-mounting/,3204A002,False,0.0,0.0,0.0,False,True,0,0,1,https://www.topengine.ae/wp-content/uploads/2025/08/318-removebg-preview.png,815,MITSUBISHI 4D56/4N15,,,False,Read more
2894,4D56 INSULATOR MOUNTING,4d56-insulator-mounting,simple,https://www.topengine.ae/product/4d56-insulator-mounting/,2910A212,False,0.0,0.0,0.0,False,True,0,0,1,https://www.topengine.ae/wp-content/uploads/2025/08/317-removebg-preview.png,815,MITSUBISHI 4D56/4N15,,,False,Read more
2893,4D56 TURBO CHARGR,4d56-turbo-chargr,simple,https://www.topengine.ae/product/4d56-turbo-chargr/,1515A029,False,0.0,0.0,0.0,False,True,0,0,1,https://www.topengine.ae/wp-content/uploads/2025/08/316-removebg-preview.png,815,MITSUBISHI 4D56/4N15,,,False,Read more
2892,4D56 GASKET CYLINDER HEAD,4d56-gasket-cylinder-head,simple,https://www.topengine.ae/product/4d56-gasket-cylinder-head/,1005A205,False,0.0,0.0,0.0,False,True,0,0,1,https://www.topengine.ae/wp-content/uploads/2025/08/315-removebg-preview.png,815,MITSUBISHI 4D56/4N15,,,False,Read more
2891,4D56 OIL PUMP,4d56-oil-pump,simple,https://www.topengine.ae/product/4d56-oil-pump/,1064A035,False,0.0,0.0,0.0,False,True,0,0,1,https://www.topengine.ae/wp-content/uploads/2025/08/314-removebg-preview.png,815,MITSUBISHI 4D56/4N15,,,False,Read more
2890,4D56 INJECTOR,4d56-injector,simple,https://www.topengine.ae/product/4d56-injector/,1465A041,False,0.0,0.0,0.0,False,True,0,0,1,https://www.topengine.ae/wp-content/uploads/2025/08/313-removebg-preview.png,815,MITSUBISHI 4D56/4N15,,,False,Read more
2889,4D56 CONNECTING ROD,4d56-connecting-rod,simple,https://www.topengine.ae/product/4d56-connecting-rod/,1115A035,False,0.0,0.0,0.0,False,True,0,0,1,https://www.topengine.ae/wp-content/uploads/2025/08/312-removebg-preview.png,815,MITSUBISHI 4D56/4N15,,,False,Read more
2888,4D56 PISTON,4d56-piston,simple,https://www.topengine.ae/product/4d56-piston/,1110C313,False,0.0,0.0,0.0,False,True,0,0,1,https://www.topengine.ae/wp-content/uploads/2025/08/311-removebg-preview.png,815,MITSUBISHI 4D56/4N15,,,False,Read more
2887,4D56 CAMSHAFT EXHAUST,4d56-camshaft-exhaust,simple,https://www.topengine.ae/product/4d56-camshaft-exhaust/,1015B008,False,0.0,0.0,0.0,False,True,0,0,1,https://www.topengine.ae/wp-content/uploads/2025/08/310-removebg-preview.png,815,MITSUBISHI 4D56/4N15,,,False,Read more
2886,4D56 CAMSHAFT INLET,4d56-camshaft-inlet,simple,https://www.topengine.ae/product/4d56-camshaft-inlet/,1015B105,False,0.0,0.0,0.0,False,True,0,0,1,https://www.topengine.ae/wp-content/uploads/2025/08/341-removebg-preview.png,815,MITSUBISHI 4D56/4N15,,,False,Read more
2885,4D56 CRANKSHAFT,4d56-crankshaft,simple,https://www.topengine.ae/product/4d56-crankshaft/,1100A135,False,0.0,0.0,0.0,False,True,0,0,1,https://www.topengine.ae/wp-content/uploads/2025/08/340-removebg-preview.png,815,MITSUBISHI 4D56/4N15,,,False,Read more
2884,4D56 CYLINDER HEAD,4d56-cylinder-head,simple,https://www.topengine.ae/product/4d56-cylinder-head/,1005B453,False,0.0,0.0,0.0,False,True,0,0,1,https://www.topengine.ae/wp-content/uploads/2025/08/339-removebg-preview.png,815,MITSUBISHI 4D56/4N15,,,False,Read more
2883,4D56 ENGINE ASSY,4d56-engine-assy,simple,https://www.topengine.ae/product/4d56-engine-assy/,1000D042,False,0.0,0.0,0.0,False,True,0,0,1,https://www.topengine.ae/wp-content/uploads/2025/08/338-removebg-preview.png,815,MITSUBISHI 4D56/4N15,,,False,Read more
2882,P5AT 3.2 DIESAL PUMP,p5at-3-2-diesal-pump,simple,https://www.topengine.ae/product/p5at-3-2-diesal-pump/,BK3Q-9B395-AD,False,0.0,0.0,0.0,False,True,0,0,1,https://www.topengine.ae/wp-content/uploads/2025/08/337-removebg-preview.png,814,FORD WL/WE/P4AT/P5AT,,,False,Read more
2881,P5AT 3.2 VACUUM PUMP,p5at-3-2-vacuum-pump,simple,https://www.topengine.ae/product/p5at-3-2-vacuum-pump/,BK3Q-2A451-FA,False,0.0,0.0,0.0,False,True,0,0,1,https://www.topengine.ae/wp-content/uploads/2025/08/336-removebg-preview.png,814,FORD WL/WE/P4AT/P5AT,,,False,Read more
2880,P5AT 3.2 WATER PUMP,p5at-3-2-water-pump,simple,https://www.topengine.ae/product/p5at-3-2-water-pump/,BK3Q-8A558-GE,False,0.0,0.0,0.0,False,True,0,0,1,https://www.topengine.ae/wp-content/uploads/2025/08/335-removebg-preview.png,814,FORD WL/WE/P4AT/P5AT,,,False,Read more
2879,P5AT 3.2 STARTER,p5at-3-2-starter,simple,https://www.topengine.ae/product/p5at-3-2-starter/,AB39-11000-BA,False,0.0,0.0,0.0,False,True,0,0,1,https://www.topengine.ae/wp-content/uploads/2025/08/334-removebg-preview.png,814,FORD WL/WE/P4AT/P5AT,,,False,Read more
2878,P5AT 3.2 PISTON SET,p5at-3-2-piston-set,simple,https://www.topengine.ae/product/p5at-3-2-piston-set/,AB39-75485-CA,False,0.0,0.0,0.0,False,True,0,0,1,https://www.topengine.ae/wp-content/uploads/2025/08/333-removebg-preview.png,814,FORD WL/WE/P4AT/P5AT,,,False,Read more
2877,P5AT 3.2 CAMSHAFT EXHAUST,p5at-3-2-camshaft-exhaust,simple,https://www.topengine.ae/product/p5at-3-2-camshaft-exhaust/,BK3Q-6A273-CD,False,0.0,0.0,0.0,False,True,0,0,1,https://www.topengine.ae/wp-content/uploads/2025/08/332-removebg-preview.png,814,FORD WL/WE/P4AT/P5AT,,,False,Read more
2876,P5AT 3.2 CAMSHAFT INLET,p5at-3-2-camshaft-inlet,simple,https://www.topengine.ae/product/p5at-3-2-camshaft-inlet/,BK3Q-6A270-FC,False,0.0,0.0,0.0,False,True,0,0,1,https://www.topengine.ae/wp-content/uploads/2025/08/331-removebg-preview.png,814,FORD WL/WE/P4AT/P5AT,,,False,Read more
2875,P5AT 3.2 CRANKSHAFT,p5at-3-2-crankshaft,simple,https://www.topengine.ae/product/p5at-3-2-crankshaft/,BK3Q6303EA,False,0.0,0.0,0.0,False,True,0,0,1,https://www.topengine.ae/wp-content/uploads/2025/08/330-removebg-preview.png,814,FORD WL/WE/P4AT/P5AT,,,False,Read more
2874,P5AT 3.2 TURBO CHARGER,p5at-3-2-turbo-charger,simple,https://www.topengine.ae/product/p5at-3-2-turbo-charger/,BK3Q-6K682-AB,False,0.0,0.0,0.0,False,True,0,0,1,https://www.topengine.ae/wp-content/uploads/2025/08/download-2025-09-02T160805.792.jpg,814,FORD WL/WE/P4AT/P5AT,,,False,Read more
2873,P5AT 3.2 GASKET CYLINDER HEAD,p5at-3-2-gasket-cylinder-head,simple,https://www.topengine.ae/product/p5at-3-2-gasket-cylinder-head/,BB3Q6051C1B,False,0.0,0.0,0.0,False,True,0,0,1,https://www.topengine.ae/wp-content/uploads/2025/08/328-removebg-preview.png,814,FORD WL/WE/P4AT/P5AT,,,False,Read more
2872,P5AT 3.2 CYLINDER HEAD,p5at-3-2-cylinder-head,simple,https://www.topengine.ae/product/p5at-3-2-cylinder-head/,BK3Q-6C032-BD,False,0.0,0.0,0.0,False,True,0,0,1,https://www.topengine.ae/wp-content/uploads/2025/08/327-removebg-preview.png,814,FORD WL/WE/P4AT/P5AT,,,False,Read more
2871,P5AT 3.2 ENGINE ASSY,p5at-3-2-engine-assy,simple,https://www.topengine.ae/product/p5at-3-2-engine-assy/,BB3Q-6006-FA,False,0.0,0.0,0.0,False,True,0,0,1,https://www.topengine.ae/wp-content/uploads/2025/08/326-removebg-preview.png,814,FORD WL/WE/P4AT/P5AT,,,False,Read more
2870,P4AT 2.2 FAN,p4at-2-2-fan,simple,https://www.topengine.ae/product/p4at-2-2-fan/,AB39-8C617-AB,False,0.0,0.0,0.0,False,True,0,0,1,https://www.topengine.ae/wp-content/uploads/2025/08/download-2025-09-02T160358.312.jpg,814,FORD WL/WE/P4AT/P5AT,,,False,Read more
2869,P4AT 2.2 TENSIONER,p4at-2-2-tensioner,simple,https://www.topengine.ae/product/p4at-2-2-tensioner/,BK3Q-6A228-BH,False,0.0,0.0,0.0,False,True,0,0,1,https://www.topengine.ae/wp-content/uploads/2025/08/324-removebg-preview.png,814,FORD WL/WE/P4AT/P5AT,,,False,Read more
2868,P4AT 2.2 AC COMPRESSOR,p4at-2-2-ac-compressor,simple,https://www.topengine.ae/product/p4at-2-2-ac-compressor/,AB39-19D629-BB,False,0.0,0.0,0.0,False,True,0,0,1,https://www.topengine.ae/wp-content/uploads/2025/08/323-removebg-preview.png,814,FORD WL/WE/P4AT/P5AT,,,False,Read more
2867,P4AT 2.2 MANUAL GEARBOX,p4at-2-2-manual-gearbox,simple,https://www.topengine.ae/product/p4at-2-2-manual-gearbox/,4*4 EB3R7003PC,False,0.0,0.0,0.0,False,True,0,0,1,https://www.topengine.ae/wp-content/uploads/2025/08/download-2025-09-02T160620.952.jpg,814,FORD WL/WE/P4AT/P5AT,,,False,Read more
2866,P4AT 2.2 OIL COOLER,p4at-2-2-oil-cooler,simple,https://www.topengine.ae/product/p4at-2-2-oil-cooler/,BB3Q6B624EA,False,0.0,0.0,0.0,False,True,0,0,1,https://www.topengine.ae/wp-content/uploads/2025/08/353-removebg-preview.png,814,FORD WL/WE/P4AT/P5AT,,,False,Read more
2865,P4AT 2.2 INJECTORS,p4at-2-2-injectors,simple,https://www.topengine.ae/product/p4at-2-2-injectors/,BK2Q-9K546-AG,False,0.0,0.0,0.0,False,True,0,0,1,https://www.topengine.ae/wp-content/uploads/2025/08/352-removebg-preview.png,814,FORD WL/WE/P4AT/P5AT,,,False,Read more
2864,P4AT 2.2 DIESAL PUMP,p4at-2-2-diesal-pump,simple,https://www.topengine.ae/product/p4at-2-2-diesal-pump/,BK3Q9B395AD,False,0.0,0.0,0.0,False,True,0,0,1,https://www.topengine.ae/wp-content/uploads/2025/08/351-removebg-preview.png,814,FORD WL/WE/P4AT/P5AT,,,False,Read more
2863,P4AT 2.2 VACUUM PUMP,p4at-2-2-vacuum-pump,simple,https://www.topengine.ae/product/p4at-2-2-vacuum-pump/,BK3Q-2A451-FC,False,0.0,0.0,0.0,False,True,0,0,1,https://www.topengine.ae/wp-content/uploads/2025/08/350-removebg-preview.png,814,FORD WL/WE/P4AT/P5AT,,,False,Read more
2862,P4AT 2.2 POWER PUMP,p4at-2-2-power-pump,simple,https://www.topengine.ae/product/p4at-2-2-power-pump/,AB313A696AB,False,0.0,0.0,0.0,False,True,0,0,1,https://www.topengine.ae/wp-content/uploads/2025/08/349-removebg-preview.png,814,FORD WL/WE/P4AT/P5AT,,,False,Read more
2861,P4AT 2.2 OIL PUMP,p4at-2-2-oil-pump,simple,https://www.topengine.ae/product/p4at-2-2-oil-pump/,BK2Q6600AC,False,0.0,0.0,0.0,False,True,0,0,1,https://www.topengine.ae/wp-content/uploads/2025/08/348-removebg-preview.png,814,FORD WL/WE/P4AT/P5AT,,,False,Read more
2860,P4AT 2.2 WATER PUMP,p4at-2-2-water-pump,simple,https://www.topengine.ae/product/p4at-2-2-water-pump/,BK3Z-8501-H,False,0.0,0.0,0.0,False,True,0,0,1,https://www.topengine.ae/wp-content/uploads/2025/08/347-removebg-preview.png,814,FORD WL/WE/P4AT/P5AT,,,False,Read more
2859,P4AT 2.2 ALTERNATOR,p4at-2-2-alternator,simple,https://www.topengine.ae/product/p4at-2-2-alternator/,AB39-10300-AF,False,0.0,0.0,0.0,False,True,0,0,1,https://www.topengine.ae/wp-content/uploads/2025/08/346-removebg-preview.png,814,FORD WL/WE/P4AT/P5AT,,,False,Read more
2858,P4AT 2.2 STARTER,p4at-2-2-starter,simple,https://www.topengine.ae/product/p4at-2-2-starter/,AB39-11000-AA,False,0.0,0.0,0.0,False,True,0,0,1,https://www.topengine.ae/wp-content/uploads/2025/08/345-removebg-preview.png,814,FORD WL/WE/P4AT/P5AT,,,False,Read more
2857,P4AT 2.2 GASKET CYLINDER HEAD,p4at-2-2-gasket-cylinder-head,simple,https://www.topengine.ae/product/p4at-2-2-gasket-cylinder-head/,BK3Q-6051-B1C,False,0.0,0.0,0.0,False,True,0,0,1,https://www.topengine.ae/wp-content/uploads/2025/08/344-removebg-preview.png,814,FORD WL/WE/P4AT/P5AT,,,False,Read more
2856,P4AT 2.2 PISTON SET,p4at-2-2-piston-set,simple,https://www.topengine.ae/product/p4at-2-2-piston-set/,BK2Q-11S-AO,False,0.0,0.0,0.0,False,True,0,0,1,https://www.topengine.ae/wp-content/uploads/2025/08/343-removebg-preview.png,814,FORD WL/WE/P4AT/P5AT,,,False,Read more
2855,P4AT 2.2 INLET CAMSHAFT,p4at-2-2-inlet-camshaft,simple,https://www.topengine.ae/product/p4at-2-2-inlet-camshaft/,BK3Q-6A270,False,0.0,0.0,0.0,False,True,0,0,1,https://www.topengine.ae/wp-content/uploads/2025/08/342-removebg-preview.png,814,FORD WL/WE/P4AT/P5AT,,,False,Read more
2854,P4AT 2.2 EXHAUST CAMSHAFT,p4at-2-2-exhaust-camshaft,simple,https://www.topengine.ae/product/p4at-2-2-exhaust-camshaft/,BK2Q-6A273,False,0.0,0.0,0.0,False,True,0,0,1,https://www.topengine.ae/wp-content/uploads/2025/08/369-removebg-preview.png,814,FORD WL/WE/P4AT/P5AT,,,False,Read more
2853,P4AT 2.2 CRANKSHAFT,p4at-2-2-crankshaft,simple,https://www.topengine.ae/product/p4at-2-2-crankshaft/,BK2Q6303AA,False,0.0,0.0,0.0,False,True,0,0,1,https://www.topengine.ae/wp-content/uploads/2025/08/download-2025-09-02T160145.401.jpg,814,FORD WL/WE/P4AT/P5AT,,,False,Read more
2852,P4AT 2.2 TURBO CHARGER,p4at-2-2-turbo-charger,simple,https://www.topengine.ae/product/p4at-2-2-turbo-charger/,BK3Q-6K682-PC,False,0.0,0.0,0.0,False,True,0,0,1,https://www.topengine.ae/wp-content/uploads/2025/08/download-5.jpeg,814,FORD WL/WE/P4AT/P5AT,,,False,Read more
2851,P4AT 2.2 CYLINDER HEAD,p4at-2-2-cylinder-head,simple,https://www.topengine.ae/product/p4at-2-2-cylinder-head/,BK3Q6C032AD,False,0.0,0.0,0.0,False,True,0,0,1,https://www.topengine.ae/wp-content/uploads/2025/08/367-removebg-preview.png,814,FORD WL/WE/P4AT/P5AT,,,False,Read more
2850,P4AT 2.2 ENGINE ASSY,p4at-2-2-engine-assy,simple,https://www.topengine.ae/product/p4at-2-2-engine-assy/,BB3Q6006EA,False,0.0,0.0,0.0,False,True,0,0,1,https://www.topengine.ae/wp-content/uploads/2025/08/download-2025-09-02T160315.572.jpg,814,FORD WL/WE/P4AT/P5AT,,,False,Read more
2849,WE TENSIONER,we-tensioner,simple,https://www.topengine.ae/product/we-tensioner/,3L5Z6B209AA,False,0.0,0.0,0.0,False,True,0,0,1,https://www.topengine.ae/wp-content/uploads/2025/08/download-2025-09-02T161102.719.jpg,814,FORD WL/WE/P4AT/P5AT,,,False,Read more
2848,WE FAN,we-fan,simple,https://www.topengine.ae/product/we-fan/,FO3112105,False,0.0,0.0,0.0,False,True,0,0,1,https://www.topengine.ae/wp-content/uploads/2025/08/363-removebg-preview.png,814,FORD WL/WE/P4AT/P5AT,,,False,Read more
2847,WE MANUAL GEARBOX,we-manual-gearbox,simple,https://www.topengine.ae/product/we-manual-gearbox/,S5A3030004WD,False,0.0,0.0,0.0,False,True,0,0,1,https://www.topengine.ae/wp-content/uploads/2025/08/362-removebg-preview.png,814,FORD WL/WE/P4AT/P5AT,,,False,Read more
2846,WE CAMSHAFT INLET,we-camshaft-inlet,simple,https://www.topengine.ae/product/we-camshaft-inlet/,3S7Z-6250-B,False,0.0,0.0,0.0,False,True,0,0,1,https://www.topengine.ae/wp-content/uploads/2025/08/361-removebg-preview-1.png,814,FORD WL/WE/P4AT/P5AT,,,False,Read more
2845,WE CAMSHAFT EXHAUST,we-camshaft-exhaust,simple,https://www.topengine.ae/product/we-camshaft-exhaust/,9X2Z6250A,False,0.0,0.0,0.0,False,True,0,0,1,https://www.topengine.ae/wp-content/uploads/2025/08/360-removebg-preview.png,814,FORD WL/WE/P4AT/P5AT,,,False,Read more
2844,WE VACUUM PUMP,we-vacuum-pump,simple,https://www.topengine.ae/product/we-vacuum-pump/,XM34-2A451-AB,False,0.0,0.0,0.0,False,True,0,0,1,https://www.topengine.ae/wp-content/uploads/2025/08/359-removebg-preview.png,814,FORD WL/WE/P4AT/P5AT,,,False,Read more
2843,WE WATER PUMP,we-water-pump,simple,https://www.topengine.ae/product/we-water-pump/,XL5Z-8501-AA,False,0.0,0.0,0.0,False,True,0,0,1,https://www.topengine.ae/wp-content/uploads/2025/08/358-removebg-preview.png,814,FORD WL/WE/P4AT/P5AT,,,False,Read more
2842,WE PISTON SET,we-piston-set,simple,https://www.topengine.ae/product/we-piston-set/,P5042(6).P52,False,0.0,0.0,0.0,False,True,0,0,1,https://www.topengine.ae/wp-content/uploads/2025/08/download-2025-09-02T161008.631.jpg,814,FORD WL/WE/P4AT/P5AT,,,False,Read more
2841,WE INJECTOR,we-injector,simple,https://www.topengine.ae/product/we-injector/,A2C59515264,False,0.0,0.0,0.0,False,True,0,0,1,https://www.topengine.ae/wp-content/uploads/2025/08/356-removebg-preview.png,814,FORD WL/WE/P4AT/P5AT,,,False,Read more
2840,WE STARTER,we-starter,simple,https://www.topengine.ae/product/we-starter/,3L54-11000-AA,False,0.0,0.0,0.0,False,True,0,0,1,https://www.topengine.ae/wp-content/uploads/2025/08/355-removebg-preview.png,814,FORD WL/WE/P4AT/P5AT,,,False,Read more
2839,WE ALTERNATOR,we-alternator,simple,https://www.topengine.ae/product/we-alternator/,ALT5999,False,0.0,0.0,0.0,False,True,0,0,1,https://www.topengine.ae/wp-content/uploads/2025/08/354-removebg-preview.png,814,FORD WL/WE/P4AT/P5AT,,,False,Read more
2838,WE AC COMPRESSOR,we-ac-compressor,simple,https://www.topengine.ae/product/we-ac-compressor/,3645825,False,0.0,0.0,0.0,False,True,0,0,1,https://www.topengine.ae/wp-content/uploads/2025/08/381-removebg-preview.png,814,FORD WL/WE/P4AT/P5AT,,,False,Read more
2837,WE DIESAL PUMP,we-diesal-pump,simple,https://www.topengine.ae/product/we-diesal-pump/,WE0113800,False,0.0,0.0,0.0,False,True,0,0,1,https://www.topengine.ae/wp-content/uploads/2025/08/download-2025-09-02T160905.511.jpg,814,FORD WL/WE/P4AT/P5AT,,,False,Read more
2836,WE HEAD GASKET,we-head-gasket,simple,https://www.topengine.ae/product/we-head-gasket/,We01-10-271b,False,0.0,0.0,0.0,False,True,0,0,1,https://www.topengine.ae/wp-content/uploads/2025/08/379-removebg-preview.png,814,FORD WL/WE/P4AT/P5AT,,,False,Read more
2835,WE OIL PUMP,we-oil-pump,simple,https://www.topengine.ae/product/we-oil-pump/,WL8114100A,False,0.0,0.0,0.0,False,True,0,0,1,https://www.topengine.ae/wp-content/uploads/2025/08/378-removebg-preview.png,814,FORD WL/WE/P4AT/P5AT,,,False,Read more
2834,WE TURBO CHARGER,we-turbo-charger,simple,https://www.topengine.ae/product/we-turbo-charger/,we01-13-700D,False,0.0,0.0,0.0,False,True,0,0,1,https://www.topengine.ae/wp-content/uploads/2025/08/377-removebg-preview.png,814,FORD WL/WE/P4AT/P5AT,,,False,Read more
2833,WE CYLINDER HEAD,we-cylinder-head,simple,https://www.topengine.ae/product/we-cylinder-head/,We01-10-100j,False,0.0,0.0,0.0,False,True,0,0,1,https://www.topengine.ae/wp-content/uploads/2025/08/376-removebg-preview.png,814,FORD WL/WE/P4AT/P5AT,,,False,Read more
2832,WE CRANKSHAFT,we-crankshaft,simple,https://www.topengine.ae/product/we-crankshaft/,W901-11-300b,False,0.0,0.0,0.0,False,True,0,0,1,https://www.topengine.ae/wp-content/uploads/2025/08/375-removebg-preview.png,814,FORD WL/WE/P4AT/P5AT,,,False,Read more
2831,WL TENSIONER,wl-tensioner,simple,https://www.topengine.ae/product/wl-tensioner/,F87Z6B209CA,False,0.0,0.0,0.0,False,True,0,0,1,https://www.topengine.ae/wp-content/uploads/2025/08/download-2025-09-02T161401.798.jpg,814,FORD WL/WE/P4AT/P5AT,,,False,Read more
2830,WL FAN,wl-fan,simple,https://www.topengine.ae/product/wl-fan/,FO3112114,False,0.0,0.0,0.0,False,True,0,0,1,https://www.topengine.ae/wp-content/uploads/2025/08/373-removebg-preview.png,814,FORD WL/WE/P4AT/P5AT,,,False,Read more
2829,WL MANUAL TRANSMISSION,wl-manual-transmission,simple,https://www.topengine.ae/product/wl-manual-transmission/,P53003000,False,0.0,0.0,0.0,False,True,0,0,1,https://www.topengine.ae/wp-content/uploads/2025/08/download-2025-09-02T161325.047.jpg,814,FORD WL/WE/P4AT/P5AT,,,False,Read more
2828,WL DIESAL PUMP,wl-diesal-pump,simple,https://www.topengine.ae/product/wl-diesal-pump/,104740-0970,False,0.0,0.0,0.0,False,True,0,0,1,https://www.topengine.ae/wp-content/uploads/2025/08/371-removebg-preview.png,814,FORD WL/WE/P4AT/P5AT,,,False,Read more
2827,WL HEAD GASKET,wl-head-gasket,simple,https://www.topengine.ae/product/wl-head-gasket/,WL01-10-271,False,0.0,0.0,0.0,False,True,0,0,1,https://www.topengine.ae/wp-content/uploads/2025/08/370-removebg-preview.png,814,FORD WL/WE/P4AT/P5AT,,,False,Read more
2826,WL AC COMPRESSOR,wl-ac-compressor,simple,https://www.topengine.ae/product/wl-ac-compressor/,97701-34700,False,0.0,0.0,0.0,False,True,0,0,1,https://www.topengine.ae/wp-content/uploads/2025/08/download-2025-09-02T161147.063.jpg,814,FORD WL/WE/P4AT/P5AT,,,False,Read more
2825,WL CLUTCH COVER,wl-clutch-cover,simple,https://www.topengine.ae/product/wl-clutch-cover/,MZC622,False,0.0,0.0,0.0,False,True,0,0,1,https://www.topengine.ae/wp-content/uploads/2025/08/398-removebg-preview.png,814,FORD WL/WE/P4AT/P5AT,,,False,Read more
2824,WL CLUTCH DISC,wl-clutch-disc,simple,https://www.topengine.ae/product/wl-clutch-disc/,MZD087U,False,0.0,0.0,0.0,False,True,0,0,1,https://www.topengine.ae/wp-content/uploads/2025/08/397-removebg-preview.png,814,FORD WL/WE/P4AT/P5AT,,,False,Read more
2823,WL OIL COOLER COVER,wl-oil-cooler-cover,simple,https://www.topengine.ae/product/wl-oil-cooler-cover/,WLF2-14-300,False,0.0,0.0,0.0,False,True,0,0,1,https://www.topengine.ae/wp-content/uploads/2025/08/396-removebg-preview.png,814,FORD WL/WE/P4AT/P5AT,,,False,Read more
2822,WL VACUUM PUMP,wl-vacuum-pump,simple,https://www.topengine.ae/product/wl-vacuum-pump/,WL5118GOO,False,0.0,0.0,0.0,False,True,0,0,1,https://www.topengine.ae/wp-content/uploads/2025/08/395-removebg-preview.png,814,FORD WL/WE/P4AT/P5AT,,,False,Read more
2821,WL POWER PUMP,wl-power-pump,simple,https://www.topengine.ae/product/wl-power-pump/,UR56-32-600,False,0.0,0.0,0.0,False,True,0,0,1,https://www.topengine.ae/wp-content/uploads/2025/08/394-removebg-preview.png,814,FORD WL/WE/P4AT/P5AT,,,False,Read more
2820,WL INJECTOR,wl-injector,simple,https://www.topengine.ae/product/wl-injector/,WL02-13-H03,False,0.0,0.0,0.0,False,True,0,0,1,https://www.topengine.ae/wp-content/uploads/2025/08/393-removebg-preview.png,814,FORD WL/WE/P4AT/P5AT,,,False,Read more
2819,WL OIL PUMP,wl-oil-pump,simple,https://www.topengine.ae/product/wl-oil-pump/,Wl01-14-100,False,0.0,0.0,0.0,False,True,0,0,1,https://www.topengine.ae/wp-content/uploads/2025/08/392-removebg-preview.png,814,FORD WL/WE/P4AT/P5AT,,,False,Read more
2818,WL WATER PUMP,wl-water-pump,simple,https://www.topengine.ae/product/wl-water-pump/,8ALA-15-100,False,0.0,0.0,0.0,False,True,0,0,1,https://www.topengine.ae/wp-content/uploads/2025/08/391-removebg-preview.png,814,FORD WL/WE/P4AT/P5AT,,,False,Read more
2817,WL RING SET PISTON,wl-ring-set-piston,simple,https://www.topengine.ae/product/wl-ring-set-piston/,WLY1-11-SCO,False,0.0,0.0,0.0,False,True,0,0,1,https://www.topengine.ae/wp-content/uploads/2025/08/390-removebg-preview.png,814,FORD WL/WE/P4AT/P5AT,,,False,Read more
2816,WL ALTERNATOR,wl-alternator,simple,https://www.topengine.ae/product/wl-alternator/,WL9118300,False,0.0,0.0,0.0,False,True,0,0,1,https://www.topengine.ae/wp-content/uploads/2025/08/389-removebg-preview.png,814,FORD WL/WE/P4AT/P5AT,,,False,Read more
2815,WL STARTER,wl-starter,simple,https://www.topengine.ae/product/wl-starter/,WL91-18-400,False,0.0,0.0,0.0,False,True,0,0,1,https://www.topengine.ae/wp-content/uploads/2025/08/388-removebg-preview.png,814,FORD WL/WE/P4AT/P5AT,,,False,Read more
2814,WL ENGINE ASSY,wl-engine-assy,simple,https://www.topengine.ae/product/wl-engine-assy/,WLAA WL AA WL-C,False,0.0,0.0,0.0,False,True,0,0,1,https://www.topengine.ae/wp-content/uploads/2025/08/387-removebg-preview.png,814,FORD WL/WE/P4AT/P5AT,,,False,Read more
2813,WL CRANKSHAFT,wl-crankshaft,simple,https://www.topengine.ae/product/wl-crankshaft/,Wl02-11-300,False,0.0,0.0,0.0,False,True,0,0,1,https://www.topengine.ae/wp-content/uploads/2025/08/386-removebg-preview.png,814,FORD WL/WE/P4AT/P5AT,,,False,Read more
2812,WL CAMSHAFT,wl-camshaft,simple,https://www.topengine.ae/product/wl-camshaft/,Wl84-12420-B,False,120.0,120.0,120.0,True,True,0,0,1,https://www.topengine.ae/wp-content/uploads/2025/08/385-removebg-preview.png,814,FORD WL/WE/P4AT/P5AT,,,False,Add to cart
2811,WL PISTON SET,wl-piston-set,simple,https://www.topengine.ae/product/wl-piston-set/,Wlye-11-SA0,False,0.0,0.0,0.0,False,True,0,0,1,https://www.topengine.ae/wp-content/uploads/2025/08/384-removebg-preview.png,814,FORD WL/WE/P4AT/P5AT,,,False,Read more
2809,WL CYLINDER HEAD,wl-cylinder-head,simple,https://www.topengine.ae/product/wl-cylinder-head/,Wl0110100g,False,0.0,0.0,0.0,False,True,0,0,1,https://www.topengine.ae/wp-content/uploads/2025/08/382-removebg-preview.png,814,FORD WL/WE/P4AT/P5AT,,,False,Read more
